titre,date,genre,durée,réalisateur,distributeur,acteurs,titre_original,nationalités,langue_d_origine,type_film,annee_production,budget,box_office_total,note_presse,note_spectateurs,nombre_article,recompenses,description
Ninja Turtles Teenage Years,09/08/2023,"Action,Aventure",99,Jeff Rowe, Paramount Pictures France ,"Jean-Stan du Pac,Nicolas Cantu,Kylian Trouillard",Teenage Mutant Ninja Turtles: Mutant Mayhem,,Anglais,Long-métrage,2023,-,,,,,,"Après des années passées loin du monde des humains, les frères Tortues entreprennent de gagner le cœur des New-Yorkais et d'être acceptés comme des adolescents normaux grâce à des actes héroïques. Leur nouvelle amie April O'Neil les aide à s'attaquer à un mystérieux syndicat du crime mais ils se retrouvent dépassés par les événements lorsqu'une armée de mutants se déploie contre eux."
The Creator,27/09/2023,Romance,,Gareth Edwards (V), The Walt Disney Company France ,"John David Washington,Gemma Chan,Ken Watanabe",,"U.S.A.,Grande-Bretagne",Anglais,Long-métrage,2023,-,,,,18 Photos,,"Dans un futur proche, les humains et l'intelligence artificielle (IA) se livrent une guerre sans merci. Joshua, un ex-agent des forces spéciales fragilisé par la disparition de sa femme, est recruté pour traquer et neutraliser le Créateur, l'insaisissable architecte d'une IA avancée à l'origine d'une arme qui pourrait mettre fin à la guerre... et détruire l'humanité tout entière. Avec l'aide d'une unité d'agents d'élite, Joshua traverse les lignes ennemies et pénètre au coeur de leur dangereux territoire. Il découvrira bientôt que l'arme funeste qu'il est chargé de détruire n'est autre qu'une intelligence artificelle supérieure qui a pris les traits d'un jeune enfant..."
L'Été dernier,13/09/2023,Drame,104,Catherine Breillat, Pyramide Distribution ,"Léa Drucker,Samuel Kircher,Olivier Rabourdin",,,Français,Long-métrage,2023,-,,,,,5 nominations,
Saw X,25/10/2023,,,Kevin Greutert, Metropolitan FilmExport ,"Tobin Bell,Shawnee Smith,Synnøve Macody Lund",,,Anglais,Long-métrage,2023,-,,,,,,"John Kramer, le tueur au puzzle, est de retour dans le volet le plus perturbant de la franchise SAW. Les événements se situent entre SAW I et II, on y retrouve un John, malade et désespéré, qui se rend au Mexique afin de subir une opération expérimentale capable de guérir son cancer, mais il découvre que tout ceci n’est qu’une escroquerie visant des malades vulnérables et affligés. Animé d'un nouveau but, le célèbre tueur en série retourne à son œuvre, et va prendre sa revanche sur ces escrocs dans un terrible « jeu » dont il a le secret, à travers des pièges toujours plus machiavéliques et ingénieux les uns que les autres."
Assassin Club,,Thriller,111,Camille Delamarre,,"Henry Golding,Daniela Melchior,Sam Neill",,"U.S.A.,Italie",Anglais,Long-métrage,2023,-,,,,,,"Dans le monde des tueurs à gages d'élite et des espions internationaux, Morgan Gaines est le meilleur d'entre eux. Il est engagé pour tuer six personnes à travers le monde, il découvre rapidement que toutes les cibles sont également des assassins engagés sans le savoir pour s'entretuer."
Mickey 17,27/03/2024,Drame,,Bong Joon Ho, Warner Bros. France ,"Robert Pattinson,Mark Ruffalo,Toni Collette",,,Anglais,Long-métrage,2024,-,,,,,,"Mickey7 est un individu envoyé coloniser une planète gelée. A chaque fois qu'il meurt, ses souvenirs sont implantés dans un nouveau corps et sa mission reprend. Après être mort à six reprises, Mickey7 commence à comprendre le but réel de sa mission..."
Le Ciel rouge,06/09/2023,Romance,102,Christian Petzold, Les Films du Losange ,"Thomas Schubert,Paula Beer,Langston Uibel",Roter Himmel,,Allemand,Long-métrage,2023,-,,,,,1 prix et 7 nominations,"Une petite maison de vacances au bord de la mer Baltique. Les journées sont chaudes et il n'a pas plu depuis des semaines. Quatre jeunes gens se réunissent, des amis anciens et nouveaux. Les forêts desséchées qui les entourent commencent à s'enflammer, tout comme leurs émotions. Le bonheur, la luxure et l'amour, mais aussi les jalousies, les rancœurs et les tensions. Pendant ce temps, les forêts brûlent. Et très vite, les flammes sont là."
Une année difficile,18/10/2023,,118,Eric Toledano, Gaumont Distribution ,"Pio Marmaï,Jonathan Cohen,Noémie Merlant",,,Français,Long-métrage,2023,-,,,,,,"Albert et Bruno sont surendettés et en bout de course, c’est dans le chemin associatif qu’ils empruntent ensemble qu’ils croisent des jeunes militants écolos. Plus attirés par la bière et les chips gratuites que par leurs arguments, ils vont peu à peu intégrer le mouvement sans conviction…"
Karate Kid,11/12/2024,,,Jeremiah Friedman, Sony Pictures Releasing France ,,,,Anglais,Long-métrage,2024,-,,,,,,Reboot de la franchise Karaté Kid.
Voleuses,,,,Mélanie Laurent,,"Adèle Exarchopoulos,Mélanie Laurent,Manon Bresch",,,Français,Long-métrage,2023,-,,,,,,"Carole et Alex sont deux voleuses de génie, et meilleures amies depuis toujours. Sous la coupe de Marraine depuis des années, elles rêvent d'être libres. Avec l’aide de Sam, une championne de moto, elles se lancent dans une ultime aventure pour s'affranchir de cette vie de cavale."
Simple comme Sylvain,08/11/2023,Romance,110,Monia Chokri, Memento Distribution ,"Magalie Lépine Blondeau,Pierre-Yves Cardinal,Francis-William Rhéaume",,,Français,Long-métrage,2023,-,,,,,2 prix et 7 nominations,
Le Gang des bois du temple,06/09/2023,,112,Rabah Ameur-Zaïmeche, Les Alchimistes ,"Régis Laroche,Marie Loustalot,Philippe Petit",,,Français,Long-métrage,2023,-,,,,,,"Un militaire à la retraite vit dans le quartier populaire des Bois du Temple. Au moment où il enterre sa mère, son voisin Bébé, qui appartient à un groupe de gangsters de la cité, s'apprête à braquer le convoi d'un richissime prince arabe..."
Monster,27/12/2023,Thriller,126,Hirokazu Kore-eda, Le Pacte ,"Sakura Andô,Eita Nagayama,Soya Kurokawa",Kaibutsu,,Japonais,Long-métrage,2023,-,,,,,2 prix et 5 nominations,
La Bête,28/02/2024,"Science fiction,Romance",146,Bertrand Bonello, Ad Vitam ,"Léa Seydoux,George MacKay,Guslagie Malanda",,"Canada,France",Français,Long-métrage,2023,"7,5 M€",,,,,,"Dans un futur proche où règne l’intelligence artificielle, les émotions humaines sont devenues une menace. Pour s'en débarrasser, Gabrielle doit purifier son ADN en replongeant dans ses vies antérieures. Elle y retrouve Louis, son grand amour. Mais une peur l'envahit, le pressentiment qu'une catastrophe se prépare."
Un métier sérieux,13/09/2023,"Drame,Comédie",101,Thomas Lilti, Le Pacte ,"Vincent Lacoste,François Cluzet,Adèle Exarchopoulos",,,Français,Long-métrage,2023,"7,6 M€",,,,,,"C’est la rentrée. Une nouvelle année scolaire au collège qui voit se retrouver Pierre, Meriem, Fouad, Sophie, Sandrine, Alix et Sofiane, un groupe d’enseignants engagés et soudés. Ils sont rejoints par Benjamin, jeune professeur remplaçant sans expérience et rapidement confronté aux affres du métier. A leur contact, il va découvrir combien la passion de l’enseignement demeure vivante au sein d’une institution pourtant fragilisée."
"Bonnard, Pierre et Marthe",10/01/2024,"Biopic,Romance",122,Martin Provost, Memento Distribution ,"Cécile de France,Vincent Macaigne,Stacy Martin",,,Français,Long-métrage,2023,-,,,,,2 nominations,
Simulant,,"Science fiction,Romance",95,April Mullen,,"Robbie Amell,Jordana Brewster,Simu Liu",,,Anglais,Long-métrage,2023,-,,,,13 Photos,,"Après la perte de son mari, Evan, Faye cherche du réconfort en utilisant un simulant androïde, ou SIM, créé à son image. Bien que presque identique à son mari, Faye ne peut se résoudre à aimer l'androïde de la même façon qu'elle aimait son mari. Cependant, l'androïde est bien déterminé à gagner son cœur..."
Suro,02/08/2023,,116,Mikel Gurrea, Tamasa Distribution ,"Vicky Luengo,Pol López,Ilyass El Ouahdani",,,Catalan,Long-métrage,2022,-,,,,,,"Elena et Ivan s’apprêtent à entrer dans une nouvelle phase de leur vie. Ils quittent la métropole de Barcelone pour s’installer dans la campagne de Catalogne, où ils reprennent une plantation de chêne-liège. Le commerce du liège devra non seulement leur permettre d’assurer leur existence, mais ils comptent également exploiter la plantation de manière équitable et durable. Malgré leurs idéaux, Elena et Ivan doivent faire face à la dure réalité et se retrouveront bientôt dans une crise qui mettra non seulement en danger leur projet commun, mais aussi leur relation."
Wish - Asha et la bonne étoile,29/11/2023,Famille,,Chris Buck, The Walt Disney Company France ,"Ariana DeBose,Chris Pine,Alan Tudyk",Wish,,Anglais,Long-métrage,2023,-,,,,,,"Asha, jeune fille de 17 ans à l’esprit vif et dévouée à ses proches, vit à Rosas, un royaume où tous les souhaits peuvent littéralement s’exaucer. Dans un moment de désespoir, elle adresse un vœu aux étoiles auquel va répondre une force cosmique : une petite boule d’énergie infinie prénommée Star. Ensemble, Star et Asha vont affronter le plus redoutable des ennemis et prouver que le souhait d’une personne déterminée, allié à la magie des étoiles, peut produire des miracles..."
Lost In The Night,20/09/2023,Thriller,120,Amat Escalante, Paname Distribution ,"Juan Daniel García Treviño,Ester Expósito,Bárbara Mori",Perdidos en la noche,"Mexique,Allemagne,Pays-Bas,Danemark",Espagnol,Long-métrage,2023,-,,,,,,
Little Girl Blue,15/11/2023,,95,Mona Achache, Tandem ,Marion Cotillard,,,Français,Long-métrage,2023,-,,,,,,
Mars Express,22/11/2023,"Science fiction,Action",85,Jérémie Périn, Gebeka Films ,"Léa Drucker,Mathieu Amalric,Daniel Njo Lobé",,,Français,Long-métrage,2023,"6,7 M€",,,,,,
"Édouard Louis, ou la transformation",29/11/2023,,70,François Caillat, Outplay Films ,,,,Français,Long-métrage,2023,-,,,,,,"Edouard Louis, ou la transformation raconte la métamorphose d’un garçon, issu d’un milieu sous-prolétaire picard, en star de la vie culturelle française. Edouard Louis, devenu en quelques années l’écrivain porte-parole d’une génération, engage chacun de nous à faire de la transformation permanente un nouveau mode d’existence."
The Exorcist: Deceiver,16/04/2025,,,David Gordon Green, Universal Pictures International France ,"Ellen Burstyn,Leslie Odom Jr.,Ann Dowd",,,Anglais,Long-métrage,2025,-,,,,,,Deuxième volet de la franchise de L'Exorciste.
La Louve,30/08/2023,,60,Manon Décor, Cinéma Saint-André des Arts ,"Jessica Mazzoli,Pierre-Yves Massip,Carolina Vinci",La Lupa,"France,Italie",-,Long-métrage,2020,-,,,,,,"Un village sarde, au début du XXe siècle. « La Louve » raconte l’histoire d’une femme nommée ainsi à cause des relations qu’elle entretient avec les hommes du village. Sa liberté ne trouve pas sa place dans les bonnes manières de cette petite société, et la conduira à sa destinée."
"Moi, capitaine",03/01/2024,,124,Matteo Garrone, Pathé ,"Seydou Sarr,Moustapha Fall,Bamar Kane",Io Capitano,"Italie,Belgique,Luxembourg,France","Italien, Français, Anglais",Long-métrage,2023,-,,,,,,L’incroyable odyssée de deux jeunes Sénégalais en route vers l’Italie.
Jeff Panacloc - A la poursuite de Jean-Marc,20/12/2023,,,Pierre-François Martin-Laval, SND ,"Jeff Panacloc,Nicolas Marié,Théodore Le Blanc",,,Français,Long-métrage,2023,"9,8 M€",,,,,,Ce film met en scène la rencontre entre Jeff Panacloc et sa marionnette Jean-Marc qui est vivante.
El Conde,,,,Pablo Larraín,"
1 nomination
","Jaime Vadell,Gloria Münchmeyer,Alfredo Castro",,"Chili,U.S.A.",Espagnol,Long-métrage,2023,-,,,,,,Le film dépeindra le dictateur chilien Augusto Pinochet comme un vampire de 250 ans qui ne souhaite rien d'autre que de mourir enfin après le déshonneur et les crises familiales qu'il a provoqués.
Alien: Romulus,14/08/2024,,,Fede Alvarez, The Walt Disney Company France ,"Cailee Spaeny,Isabela Merced,David Jonsson Fray",,,Anglais,Long-métrage,2024,-,,,,,,"Dans cette neuvième aventure, un groupe de jeunes gens vivant dans un monde lointain se retrouvera confronté à la forme de vie la plus terrifiante de l'univers."
Le Syndrome des amours passées,25/10/2023,"Fantastique,Drame",89,Ann Sirot, KMBO ,"Lucie Debay,Lazare Gousseau,Florence Loiret-Caille",,"Belgique,France",Français,Long-métrage,2023,-,,,,,3 nominations,
The Color Purple,24/01/2024,,,Blitz Bazawule, Warner Bros. France ,"Halle Bailey,Taraji P. Henson,Elizabeth Marvel",,,Anglais,Long-métrage,2023,-,,,,,,"Le parcours d'une femme noire, Célie, sur plusieurs décennies. Elle a grandi dans une extrême pauvreté au coeur d'une plantation de coton dans le sud des Etats-Unis. Elle a connu la maltraitance par son beau-père puis par son mari. Ces sévices mettent à l'épreuve sa foi en Dieu et en l'humanité."
Twisters,17/07/2024,,,Lee Isaac Chung, Warner Bros. France ,"Daisy Edgar-Jones,Glen Powell,Anthony Ramos",,,Anglais,Long-métrage,2024,-,,,,,,"Il y a 20 ans, des scientifiques ont réalisé l'impossible. Ils ont recueilli un ensemble complet de données à l'intérieur d'une tornade monstre de catégorie F5. Grâce à l'application de ces données, ils ont pu créer Antheia, un système avancé d'alerte. Grâce à ces informations, des milliers de vies ont été sauvées et les populations ont grandi confortablement sous l'œil vigilant de leur protecteur. Cependant, alors que la science se complaît dans l'autosatisfaction, mère nature continue d'évoluer..."
Psycho-Pass : Providence,25/08/2023,"Science fiction,Thriller",120,Naoyoshi Shiotani, Sony Pictures Releasing France ,"Kana Hanazawa,Noriko Hidaka,Shizuka Ito",Gekijōban Psycho-Pass: Providence,,Japonais,Long-métrage,2023,-,,,,,,"Au XXIIe siècle, le Japon a mis en place le Système Sibyl. Ce processus détecte le niveau de criminalité qui sommeille en chaque citoyen, permettant ainsi de prévenir la moindre menace pour la société. Une brigade spéciale est ainsi chargée de faire respecter cette loi, mais ils sont aidés d’anciens inspecteurs devenus de véritables criminels à qui est laissée l’exécution des besognes les plus sales."
A Good Person,,Drame,125,Zach Braff,,"Florence Pugh,Morgan Freeman,Celeste O’Connor",,,Anglais,Long-métrage,2023,-,,,,,,"La vie d'une jeune femme se brise suite à son implication dans un accident mortel. Quelques années plus tard, sa relation inattendue avec son futur beau-père l'aide à y reprendre goût."
Elio,28/02/2024,"Science fiction,Comédie,Famille",,Adrian Molina, The Walt Disney Company France ,"Yonas Kibreab,America Ferrera,Jameela Jamil",,,Anglais,Long-métrage,2024,-,,,,,,"Elio, un petit garçon à l'imagination débordante, se retrouve par inadvertance téléporté au Communiverse, une organisation interplanétaire composée de représentants de galaxies très éloignées. Identifié à tort par ces éminences comme l'ambassadeur de la Terre, Elio est tout sauf préparé à une telle pression. Son aventure va le conduire à tisser des liens avec des créatures extraterrestres excentriques, à survivre à une série d'épreuves plus redoutables les unes que les autres mais aussi, d'une manière ou d'une autre, à découvrir qui il est vraiment censé être..."
"Ma Vie est un Défi, 1000 km pour défier le Parkinson",23/08/2023,,84,Stephan Rytz, Jupiter Films ,,,,Français,Long-métrage,2022,-,,,,,,"Ex-golfeur professionnel, Yves Auberson est atteint de la maladie de Parkinson depuis l'âge de 35 ans. Souvent considérée comme la maladie du vieillissement, elle touche aujourd'hui toujours plus de jeunes patients. Pourtant, Yves n'a aucun antécédent familial et rien ne laissait présager qu'un tel diagnostic allait être posé."
Sonic The Hedgehog 3,18/12/2024,,,Jeff Fowler, Paramount Pictures France ,"Ben Schwartz,Idris Elba,Colleen O'Shaughnessey",,,Anglais,Long-métrage,2024,-,,,,,,"Troisième volet des aventures de Sonic, le rapide hérisson bleu..."
Backstreet Dogs,29/11/2023,Aventure,93,Josh Greenbaum, Universal Pictures International France ,"Jamie Foxx,Will Ferrell,Randall Park",Strays,,Anglais,Long-métrage,2023,-,,,,,,Un chien abandonné fait équipe avec d'autres chiens errants pour se venger de son ancien propriétaire.
Gadar 2,11/08/2023,Drame,165,Anil Sharma, Night ed films ,"Sunny Deol,Ameesha Patel,Gaurav Chopra",,,Hindi,Long-métrage,2023,-,,,,,,"Pendant le conflit indo-pakistanais de 1971, Tara Singh décide de retourner au Pakistan afin de ramener son fils, Charanjeet, avec lui."
Pas de vagues,27/03/2024,,,Teddy Lussi-Modeste, Ad Vitam ,François Civil,,,Français,Long-métrage,2023,-,,,,,,"Un jeune professeur est accusé de harcèlement par une de ses élèves. Même s'il est innocent, l'incident tourne à l'incendie et embrase le collège."
Bâtiment 5,06/12/2023,,,Ladj Ly, Le Pacte ,"Alexis Manenti,Anta Diaw,Jeanne Balibar",,,Français,Long-métrage,2023,-,,,,,,
97 Minutes,,Thriller,93,Timo Vuorensola,,"Jonathan Rhys-Meyers,Alec Baldwin,Myanna Buring",,,Anglais,Long-métrage,2022,-,,,,,,Un avion détourné ne lui reste suffisamment d'essence que pour tenir 97 minutes dans les airs.
Le Petit Blond de la Casbah,25/10/2023,,,Alexandre Arcady, Dulac Distribution ,"Léo Campion (II),Marie Gillain,Christian Berkel",,"France,Tunisie","Français, Algérien",Long-métrage,2023,-,,,,,,"L’enfance du cinéaste Antoine Lisner. Accompagné de son fils qui a le même âge que lui quand il a quitté l’Algérie en 1962, il vient présenter un long-métrage à Alger."
Dans la toile (Cobweb),08/11/2023,Drame,134,Kim Jee-Woon, The Jokers / Les Bookmakers ,"Song Kang-Ho,Im Soo-Jung,Jeon Yeo-bin",Geomijip,,Coréen,Long-métrage,2022,-,,,,,,
"Moi, Moche et Méchant 4",03/07/2024,"Famille,Aventure",,Chris Renaud, Universal Pictures International France ,"Steve Carell,Kristen Wiig,Pierre Coffin",Despicable Me 4,,Anglais,Long-métrage,2024,-,,,,,,Quatrième volet des aventures de Gru.
Linda veut du poulet !,18/10/2023,"Comédie,Famille",73,Chiara Malta, Gebeka Films ,"Mélinée Leclerc,Clotilde Hesme,Laetitia Dosch",,"France,Italie",Français,Long-métrage,2023,-,,,,,2 nominations,
Leave The World Behind,,,,Sam Esmail,,"Julia Roberts,Mahershala Ali,Ethan Hawke",,,Anglais,Long-métrage,2023,-,,,,,,"Un couple loue une maison dans un coin reculé du Long Island pour y passer des vacances paisibles avec ses deux enfants. Un soir, les propriétaires de la demeure reviennent en urgence, affirmant qu'une coupure électrique a paralysé les alentours. Sans téléphone, télévision, ni internet, les locataires plongent dans l'incertitude. Peuvent-ils vraiment faire confiance à leurs hôtes ?"
Et la fête continue,06/12/2023,,,Robert Guédiguian, Diaphana Distribution ,"Ariane Ascaride,Jean-Pierre Darroussin,Gérard Meylan",,"France,Italie",Français,Long-métrage,2023,"3,9 M€",,,,,,"A Marseille, Rosa, 60 ans a consacré sa vie à sa famille et à la politique avec le même sens du sacrifice. Tous pensent qu’elle est inébranlable d’autant que Rosa est la seule qui pourrait sceller l’union de la gauche à la veille d’une échéance électorale décisive. Elle s’accommode finalement bien de tout ça, jusqu’au jour où elle tombe amoureuse d’Henri. Pour la première fois, Rosa a peur de s’engager. Entre la pression de sa famille politique et son envie de lâcher prise, le dilemme est lourd à porter."
Conann,29/11/2023,"Drame,Action",105,Bertrand Mandico, UFO Distribution ,"Elina Löwensohn,Christa Théret,Julia Riedler",,"France,Luxembourg,Belgique","Français, Allemand, Anglais",Long-métrage,2023,-,,,,,2 nominations,
Le Jeu de la reine,28/02/2024,"Historique,Drame,Thriller",120,Karim Aïnouz, ARP Sélection ,"Alicia Vikander,Jude Law,Simon Russell Beale",Firebrand,"U.S.A.,Grande-Bretagne",Anglais,Long-métrage,2023,-,,,,,5 nominations,
Chien et Chat,14/02/2024,Comédie,,Reem Kherici, Gaumont Distribution ,"Reem Kherici,Franck Dubosc,Philippe Lacheau",,,Français,Long-métrage,2024,-,,,,,,"MONICA est la propriétaire de DIVA, célèbre chat et star d’Internet. JACK est un voleur dont le dernier larcin, un énorme rubis d’une valeur inestimable, a malencontreusement été avalé par un chien errant nommé CHICHI. Par un concours de circonstances, Monica et Jack se retrouvent séparés de leurs animaux et les voient donc, impuissants, s’échapper vers une destination inconnue… Commence alors un fou road trip entre Montréal et New York pour les deux duos que tout oppose. Avec d’un côté, les humains qui ont perdu la trace de leurs précieux animaux et de l’autre, les animaux livrés à eux-mêmes pour retrouver leurs maîtres… sans savoir qu’à leur trousse, le policier BRANDT est prêt à tout pour récupérer le rubis."
L'Air de la mer rend libre,04/10/2023,,90,Nadir Moknèche, Pyramide Distribution ,"Youssouf Abi-Ayad,Kenza Fortas,Saadia Bentaïeb",,,Français,Long-métrage,2023,-,,,,,,"Rennes, de nos jours. Saïd habite encore chez ses parents. Il vit une liaison secrète avec Vincent. Incapable d’affronter sa famille, il accepte un mariage arrangé avec Hadjira. Après une histoire d’amour malheureuse et quelques démêlés avec la justice, elle aussi s’est résignée à obéir à sa mère. Piégés par leurs familles, Saïd et Hadjira s’unissent malgré eux, pour retrouver, chacun de son côté, leur liberté."
May December,24/01/2024,Romance,113,Todd Haynes, ARP Sélection ,"Natalie Portman,Julianne Moore,Charles Melton",,,Anglais,Long-métrage,2023,-,,,,,5 nominations,
Le Ravissement,11/10/2023,,97,Iris Kaltenbäck, Diaphana Distribution ,"Hafsia Herzi,Alexis Manenti,Nina Meurisse",,,Français,Long-métrage,2023,-,,,,,1 prix et 6 nominations,
Abdelinho,16/08/2023,Drame,100,Hicham Ayouch, Urban Distribution ,"Ali Suliman,Aderrahim Tamimi,Inês Monteiro",,,"Arabe, Portugais",Long-métrage,2022,-,,,,,,"Abdelinho, de son vrai prénom Abdellah vit dans une petite ville au Maroc. Abdelinho est coincé entre une mère hystérique et un travail kafkaïen dans une administration. Sa seule échappatoire : le Brésil et son amour pour Maria, l'héroïne d'une télénovela éponyme. Cette passion est menacée par l'arrivée de l’obscur Amr Taleb, télévangéliste musulman, qui prône une sobriété bien éloignée des cours de samba donnés par Abdelinho aux femmes de sa ville."
Transformers One,16/10/2024,Action,,Josh Cooley, Paramount Pictures France ,"Chris Hemsworth,Brian Tyree Henry,Scarlett Johansson",,,Anglais,Long-métrage,2024,-,,,,,,"Un prequel animé de la saga ""Transformers"" centré sur la planète Cybertron."
Rue des dames,20/09/2023,,97,Hamé Bourokba, The Jokers / Les Bookmakers ,"Garance Marillier,Bakary Keita,Sandor Funtek",,,Français,Long-métrage,2023,-,,,,,,"Mia, 25 ans, employée dans un petit salon de manucure dans le 18e à Paris, apprend qu’elle est enceinte. Il lui faut trouver d’urgence un nouvel appartement alors que son copain Nabil, en liberté conditionnelle, peine à joindre les deux bouts. Lancée dans une frénétique course contre la montre, Mia monte une combine impliquant des clientes du salon, des soirées privées, et un footballeur-star. Cette fois, elle n’a plus le choix : elle doit reprendre son destin en main."
The Lord Of The Rings: The War Of Rohirrim,10/04/2024,Fantastique,,Kenji Kamiyama, Warner Bros. France ,"Brian Cox,Gaia Wise,Miranda Otto",,,Anglais,Long-métrage,2024,-,,,,,,"Film d'animation qui se concentrera sur le puissant roi de Rohan, Helm Hammerhand, et sur une bataille légendaire qui a contribué à façonner la Terre du Milieu. L'action se déroulera environ 250 ans avant la trilogie du Seigneur des Anneaux de Peter Jackson."
Les Secrets de la princesse de Cadignan,13/09/2023,Romance,88,Arielle Dombasle, ARP Sélection ,"Arielle Dombasle,Julie Depardieu,Cédric Kahn",,,Français,Long-métrage,2023,-,,,,12 Photos,,"C’est une princesse, une grande séductrice. « Don Juan femme », selon l'expression de Balzac. D'une intelligence diabolique. Cette femme, qui a eu de nombreux amants, presque tous les personnages masculins de la « Comédie humaine », va enfin trouver l'amour. Le vrai. Le grand."
Gueules noires,29/11/2023,,,Mathieu Turi, Alba Films ,"Amir El Kacem,Samuel Le Bihan,Thomas Solivérès",,,Français,Long-métrage,2023,-,,,,,,"1956, dans le nord de la France. Une bande de mineurs de fond se voit obligée de conduire un professeur faire des prélèvements à mille mètres sous terre. Après un éboulement qui les empêche de remonter, ils découvrent une crypte d’un autre temps, et réveillent sans le savoir une créature légendaire assoiffée de sang…"
Je ne suis pas un héros,15/11/2023,,,Rudy Milstein, Paname Distribution ,"Vincent Dedienne,Géraldine Nakache,Clémence Poésy",,,Français,Long-métrage,2023,-,,,,,,"Louis est gentil. Il est si gentil qu'on ne le remarque pas. En fait, Louis passe à côté de sa vie. Le jour où il se croit atteint d’un cancer, son entourage semble s'apercevoir de son existence pour la première fois, et les opportunités personnelles comme professionnelles pleuvent. Son cabinet d'avocats lui impose alors de défendre une multinationale. Louis découvre qu'exister aux yeux des autres a un prix, celui du mensonge."
Minecraft,02/04/2025,Aventure,,Jared Hess, Warner Bros. France ,Jason Momoa,,,Anglais,Long-métrage,2025,-,,,,,,"Un film adapté du jeu phénomène Minecraft, créé par Markus “Notch” Persson."
Avengers: Secret Wars,05/05/2027,,,Michael Waldron, The Walt Disney Company France ,,,,Anglais,Long-métrage,2027,-,,,,,,Adaptation de Secret Wars de Jim Shooter.
Banel & Adama,30/08/2023,,87,Ramata-Toulaye Sy, Tandem ,"Khady Mane,Mamadou Diallo,Binta Racine Sy",,"France,Sénégal,Mali",Français,Long-métrage,2023,-,,,,,7 nominations,
La Petite,20/09/2023,,92,Guillaume Nicloux, SND ,"Fabrice Luchini,Mara Taquin,Maud Wyler",,"France,Belgique",Français,Long-métrage,2023,-,,,,,,"Joseph apprend que son fils et le compagnon de celui-ci viennent de périr dans un accident. Ils attendaient un enfant via une mère porteuse en Belgique. Que va devenir leur futur bébé ? Joseph en est-il le grand-père légitime ? Porté par la promesse de cette naissance qui va prolonger l’existence de son fils, le sexagénaire part à la rencontre de la jeune flamande au caractère farouche et indomptable…"
The Pod Generation,25/10/2023,"Comédie,Romance",111,Sophie Barthes, Jour2fête ,"Emilia Clarke,Chiwetel Ejiofor,Rosalie Craig",,"U.S.A.,France,Belgique",Anglais,Long-métrage,2023,-,,,,15 Photos,,"Dans un futur proche où l'intelligence artificielle prend le pas sur la nature, Rachel et Alvy, couple new-yorkais, décident d'avoir un enfant. Un géant de la technologie, vantant les mérites d'une maternité plus simple et plus paritaire, propose aux futurs parents de porter l'enfant dans un POD. Alvy a des doutes, mais Rachel, business-woman en pleine ascension, l'incite à accepter cette expérience..."
Godzilla x Kong: The New Empire,13/03/2024,Science fiction,,Adam Wingard, Warner Bros. France ,"Dan Stevens,Rebecca Hall,Brian Tyree Henry",,,Anglais,Long-métrage,2023,-,,,,,,Suite de Godzilla vs. Kong (2021).
Le Règne animal,04/10/2023,"Aventure,Drame",128,Thomas Cailley, StudioCanal ,"Romain Duris,Paul Kircher,Adèle Exarchopoulos",,,Français,Long-métrage,2023,-,,,,,6 nominations,
Complètement cramé !,01/11/2023,Romance,,Gilles Legardinier, Universal Pictures International France ,"John Malkovich,Fanny Ardant,Philippe Bas",,"Luxembourg,France",Français,Long-métrage,2023,-,,,,,,"Depuis la perte de sa femme, Andrew Blake n’a plus le cœur à rien. Un ultime élan le pousse à retourner en France, dans la propriété où ils s’étaient rencontrés. Ce voyage vers le souvenir des jours heureux ne va pas du tout se passer comme prévu. Lorsqu’il débarque au domaine de Beauvillier, Blake se retrouve engagé comme majordome à l’essai suite à un quiproquo. Face à celles et ceux qu’il découvre aussi perdus que lui dans cet endroit à part, cet homme qui croyait sa vie finie va être obligé de tout recommencer."
Thunderbolts,18/12/2024,,,Jake Schreier, The Walt Disney Company France ,"Florence Pugh,Sebastian Stan,Steven Yeun",,,Anglais,Long-métrage,2024,-,,,,,,"Rassemblement de super-vilains et anti-héros du Marvel Cinematic Universe, envoyés sur des missions secrètes pour tenter de se racheter."
Rosalie,24/01/2024,"Drame,Romance",115,Stéphanie Di Giusto, Gaumont Distribution ,"Nadia Tereszkiewicz,Benoît Magimel,Benjamin Biolay",,"France,Belgique",Français,Long-métrage,2023,-,,,,,7 nominations,
Le Procès Goldman,27/09/2023,"Drame,Historique,Judiciaire",116,Cédric Kahn, Ad Vitam ,"Arieh Worthalter,Arthur Harari,Jeremy Lewin",,,Français,Long-métrage,2023,-,,,,,2 nominations,
Deadpool 3,01/05/2024,Science fiction,,Shawn Levy, The Walt Disney Company France ,"Ryan Reynolds,Hugh Jackman,Lewis Tan",,,Anglais,Long-métrage,2024,-,,,,,,L'introduction de l'équipe X-Force dans l'univers Marvel/Fox.
Ghostbusters Sequel,27/03/2024,Action,,Gil Kenan, Sony Pictures Releasing France ,"Mckenna Grace,Ernie Hudson,Paul Rudd",,,Anglais,Long-métrage,2024,-,,,,,,Suite des événements de Ghostbusters: Afterlife.
Avatar 3,17/12/2025,Animation,,James Cameron, The Walt Disney Company France ,"Sam Worthington,Zoe Saldana,Sigourney Weaver",,,Anglais,Long-métrage,2025,-,,,,,,"Le troisième volet de la saga ""Avatar""."
Beetlejuice 2,11/09/2024,,,Tim Burton, Warner Bros. France ,"Michael Keaton,Jenna Ortega,Winona Ryder",,,Anglais,Long-métrage,2024,-,,,,,,Suite du film réalisé par Tim Burton en 1988.
The Black Demon,,"Epouvante-horreur,Science fiction",120,Adrian Grunberg,,"Josh Lucas,Fernanda Urrejola,Raúl Méndez",,,Anglais,Long-métrage,2023,-,,,,,,"Paul Sturges, accompagné de sa femme et de ses deux enfants, arrive en vacances à Bahia Azul (Cancún). Lors d'une promenade en famille en mer, ils s'approchent d’une plateforme pétrolière en ruine appartenant à la société de Paul pour la visiter. Mais la petite famille va soudain se retrouver coincer face à l’attaque d’un mégalodon. Paul va devoir mettre sa famille en sécurité et affronter « le démon noir »."
Mafia Mamma,,"Action,Policier",101,Catherine Hardwicke,,"Toni Collette,Monica Bellucci,Alfonso Perugini",,"Grande-Bretagne,Italie,U.S.A.",Anglais,Long-métrage,2023,-,,,,13 Photos,,"Une américaine hérite de l'empire mafieux de son grand-père. Guidée par le ""Consigliere"" (bras droit du Parrain), elle étonne tout le monde en devenant le nouveau chef de l'entreprise familiale."
Nina et le secret du hérisson,11/10/2023,,78,Alain Gagnol, KMBO ,"Audrey Tautou,Guillaume Canet,Guillaume Bats",,"France,Luxembourg",Français,Long-métrage,2023,-,,,,,,"Nina aime écouter les histoires que lui raconte son père pour s’endormir, celles d’un hérisson qui découvre le monde. Un soir, son père, préoccupé par son travail, ne vient pas lui conter une nouvelle aventure... Heureusement, son meilleur ami Mehdi est là pour l’aider à trouver une solution : et si le trésor caché dans la vieille usine pouvait résoudre tous leurs problèmes ? Commence alors une grande aventure où il faut échapper à la vieille voisine et à son chat Touffu, déjouer les pièges du gardien et embobiner son gros chien... Sans compter le petit hérisson qui mène l’enquête à leurs côtés !"
Kandahar,,Thriller,119,Ric Roman Waugh,,"Gerard Butler,Navid Negahban,Travis Fimmel",,,Anglais,Long-métrage,2023,-,,,,12 Photos,,"Tom Harris est un agent secret de la CIA infiltré au Moyen-Orient. Une fuite des renseignements révèle son identité alors qu’il est en mission. Coincés au cœur d’un territoire hostile, Harris et son interprète afghan Kahil, doivent se frayer un chemin hors du désert jusqu’à Kandahar, leur point d’exfiltration, tout en échappant aux forces spéciales d’élite qui les pourchassent. La course contre la montre commence."
Banlieusards 2,,,,Leïla Sy,,"Kery James,Jammeh Diangana,Bakary Diombera",,,Français,Long-métrage,2023,-,,,,,,"L'histoire des frères Traoré: Demba, Soulaymaan et Noumouké. L'un veut changer de vie après avoir frôlé la mort, le second fait ses premiers pas en tant qu'avocat tandis que le dernier prend part à de nombreuses rixes entre quartiers rivaux. Les 3 frères résisteront-ils à la vague de violence et à la brutalité des événements qui s'abattent sur eux ?"
Aquaman et le Royaume perdu,20/12/2023,Fantastique,,James Wan, Warner Bros. France ,"Jason Momoa,Amber Heard,Yahya Abdul-Mateen II",Aquaman and the Lost Kingdom,,Anglais,Long-métrage,2023,-,,,,,,Suite des aventures d'
Le Livre des solutions,13/09/2023,"Drame,Comédie",102,Michel Gondry, The Jokers / Les Bookmakers ,"Pierre Niney,Blanche Gardin,Françoise Lebrun",,,Français,Long-métrage,2023,-,,,,,2 nominations,
Past Lives – Nos vies d’avant,13/12/2023,,106,Celine Song, ARP Sélection ,"Greta Lee,Yoo Teo,John Magaro",Past Lives,,Anglais,Long-métrage,2023,-,,,,17 Photos,9 nominations,"A 12 ans, Nora et Hae Sung sont amis d’enfance, amoureux platoniques. Les circonstances les séparent. A 20 ans, le hasard les reconnecte, pour un temps. A 30 ans, ils se retrouvent, adultes, confrontés à ce qu’ils auraient pu être, et à ce qu’ils pourraient devenir."
Super-bourrés,30/08/2023,,79,Bastien Milheau, Zinc Film ,"Pierre Gommé,Nina Poletto,Vincent Moscato",,,Français,Long-métrage,2023,-,,,,10 Photos,,"Dernière journée avant la fin du lycée. Janus et Sam doivent apporter à boire pour participer à la fête de fin d'année. Alors qu’ils fouillent dans la cave du père de Janus à la recherche de bouteilles, ils font la découverte d'une étrange machine..."
24 heures à New-York,09/08/2023,,82,Vuk Lungulov-Klotz, Dulac Distribution ,"Lio Mehiel,Cole Doman,MiMi Ryder",Mutt,,"Anglais, Espagnol",Long-métrage,2023,-,,,,,,"Feña est un jeune homme trans qui mène une existence trépidante à New York. Au cours d’une seule journée, son père chilien, son ex-petit ami et sa demi-sœur de 13 ans refont surface dans sa vie. Ayant perdu le contact avec eux depuis sa transition, Feña va devoir réinventer ces anciennes relations, tout en gérant les défis quotidiens liés à sa nouvelle identité."
How to Have Sex,15/11/2023,,88,Molly Manning Walker, Condor Distribution ,"Mia McKenna-Bruce,Samuel Bottomley,Lara Peake",,"Grande-Bretagne,Grèce",Anglais,Long-métrage,2023,-,,,,,1 prix et 6 nominations,
Migration,06/12/2023,"Comédie,Famille,Aventure",,Benjamin Renner, Universal Pictures International France ,"Kumail Nanjiani,Elizabeth Banks, Awkwafina",,,Anglais,Long-métrage,2023,-,,,,,,"La famille Colvert est en proie à un dilemme d’ordre domestique. Alors que Mack est totalement satisfait de patauger paisiblement et définitivement avec sa famille, dans leur petite mare de la Nouvelle Angleterre, sa femme Pam serait plutôt du genre à bousculer un peu cette routine pour montrer à ses enfants - Dax qui n’est déjà plus un caneton et sa petite sœur Gwen - le reste du monde. Lorsqu’ils accueillent, le temps de leur halte, une famille de canards migrateurs, c’est l’occasion rêvée pour Pam de persuader Mack de les imiter et de se lancer dans un périple en famille : destination la Jamaïque, en passant par New York. Alors qu’ils s’envolent vers le soleil pour l’hiver, le plan si bien tracé des Colvert va vite battre de l’aile. Mais la tournure aussi chaotique et inattendue que vont prendre les choses va les changer à jamais et leur apprendre beaucoup plus que prévu."
After - Chapitre 5,,,,Castille Landon,,"Hero Fiennes Tiffin,Josephine Langford,Cora Kirk",After Everything,,Anglais,Long-métrage,2023,-,,,,,,"Hardin a du mal à aller de l'avant. En proie au syndrome de la page blanche et à la rupture brutale avec Tessa, Hardin se rend au Portugal à la recherche d'une femme à qui il a fait du tort dans le passé - et pour se retrouver lui-même. Dans l'espoir de reconquérir Tessa, il se rend compte qu'il doit changer ses habitudes avant de pouvoir prendre l'engagement ultime."
Flo,29/11/2023,,,Géraldine Danon, Metropolitan FilmExport ,"Stéphane Caillard,Alexis Michalik,Alison Wheeler",,,Français,Long-métrage,2023,14 M€,,,,,,
Blade,12/02/2025,,,Yann Demange, The Walt Disney Company France ,"Mahershala Ali,Delroy Lindo,Aaron Pierre",,,Anglais,Long-métrage,2025,-,,,,,,L'histoire de Deacon Frost avant qu'il ne cherche à devenir un Dieu-vampire.
Rebel Moon,,"Fantastique,Action",,Zack Snyder,,"Sofia Boutella,Charlie Hunnam,Ed Skrein",,,Anglais,Long-métrage,2023,-,,,,15 Photos,,"Dans une colonie pacifique aux confins de la galaxie. Bientôt, elle se trouve menacée par les armées du tyrannique régent Balisarius. Ils envoient une jeune femme au passé mystérieux chercher des guerriers sur les planètes voisines pour les aider à s'y installer."
Capitaines !,20/09/2023,"Famille,Aventure",52,Nicolas Hu, Les Films du Préau ,,,,Français,Long-métrage,2022,-,,,,,,Programme de 2 films d’animation :
Antigang : la relève,,,,Benjamin Rocher,,"Alban Lenoir,Cassiopée Mayance,Sofia Essaïdi",,,Français,Long-métrage,2023,-,,,,14 Photos,,"Ancienne légende de la brigade Antigang connue pour ses méthodes musclées et peu conventionnelles, Niels Cartier, a quitté la police à la suite d’une intervention qui a mal tourné et conduit au décès de sa femme. Quand le gang de braqueurs responsable de sa mort réapparait huit ans plus tard, Niels ne laisse personne se mettre en travers de son chemin pour obtenir vengeance. Quitte à devoir former malgré lui un duo explosif avec sa fille de 14 ans, au tempérament bien trempé…"
Marie-Line et son juge,11/10/2023,"Drame,Comédie",103,Jean-Pierre Améris, ARP Sélection ,"Louane Emera,Michel Blanc,Victor Belmondo",,,Français,Long-métrage,2023,-,,,,15 Photos,,"Marie-Line, 20 ans, est une serveuse énergique et bruyante. Sa rencontre avec un juge bougon et déprimé qui l’engage comme chauffeur, va bouleverser sa vie."
Rien à Perdre,22/11/2023,,112,Delphine Deloget, Ad Vitam ,"Virginie Efira,Félix Lefebvre,Arieh Worthalter",,,Français,Long-métrage,2023,-,,,,,8 nominations,
Les Quatre Fantastiques,30/04/2025,,,Matt Shakman, The Walt Disney Company France ,,Fantastic Four,,Anglais,Long-métrage,2025,-,,,,,,Un nouveau film pour Les quatre fantastiques.
Agent Stone,,"Thriller,Action",122,Tom Harper (III),,"Gal Gadot,Jamie Dornan,Matthias Schweighöfer",Heart of Stone,,Anglais,Long-métrage,2023,-,,,,27 Photos,,"Rachel Stone, spécialiste du renseignement pour une mystérieuse agence de maintien de la paix, tente d'empêcher une hackeuse de lui voler son arme la plus précieuse et redoutable."
Animalia,09/08/2023,,90,Sofia Alaoui, Ad Vitam ,"Oumaïma Barid,Mehdi Dehbi,Fouad Oughaou",,"France,Maroc,Qatar",Arabe,Long-métrage,2023,-,,,,,,"Itto, jeune marocaine d’origine modeste, s’est adaptée à l’opulence de la famille de son mari, chez qui elle vit. Alors qu’elle se réjouissait d’une journée de tranquillité sans sa belle-famille, des événements surnaturels plongent le pays dans l’état d’urgence. Des phénomènes de plus en plus inquiétants suggèrent qu’une présence mystérieuse approche. Seule, elle peine à trouver de l'aide…"
Bad Boys 4,12/06/2024,,,Adil El Arbi, Sony Pictures Releasing France ,"Martin Lawrence,Will Smith,Vanessa Hudgens",,,Anglais,Long-métrage,2024,-,,,,,,Le quatrième volet des aventures de Mike Lowrey et Marcus Burnett.
,,,,,,,,,,,,,,,,,,
,,,,,,,,,,,,,,,,,,
La Voie Royale,09/08/2023,,107,Frédéric Mermoud, Pyramide Distribution ,"Suzanne Jouannet,Marie Colomb,Maud Wyler",,"France,Suisse",Français,Long-métrage,2023,-,,,,10 Photos,,"Sophie est une lycéenne brillante. Encouragée par son professeur de mathématiques, elle quitte la ferme familiale pour suivre une classe préparatoire scientifique. Au fil de rencontres, de succès et d’échecs, face à une compétition acharnée, Sophie réalise que son rêve, intégrer Polytechnique, représente plus qu’un concours... un vrai défi d’ascension sociale."
Les Blagues de Toto 2 - classe verte,02/08/2023,,84,Pascal Bourdiaux, SND ,"Hugo Trophardy,Guillaume De Tonquédec,Anne Marivin",,"France,Belgique",Français,Long-métrage,2023,-,,,,,,"Toto et ses camarades sont de retour, direction la campagne pour une classe verte ! Mais, si pour les autres élèves, celle-ci est l’occasion de découvrir la vie à la ferme, pour Toto, c’est surtout l’opportunité parfaite pour inventer de nouvelles blagues et vivre de folles aventures. D’autant que les fermiers qui les accueillent ont l’air un peu louches, et qu’on raconte qu’un fantôme rode dans le coin… Toto compte bien mener l’enquête, et il a plus d’un tour dans son sac !"
Magic !,02/08/2023,"Animation,Fantastique",85,Caroline Origer, KMBO ,"Jella Haase,Lisa-Marie Koroll,Stephan Benson",My Fairy Troublemaker,"Luxembourg,Allemagne",Allemand,Long-métrage,2022,-,,,,,,"Il existe un monde magique où vivent de drôles de fées qui, la nuit venue, s’invitent déposer des cadeaux chez les humains. L’une d’elles, Violetta, un peu tête en l’air, se retrouve coincée sur Terre. Heureusement, elle rencontre Maxie, 10 ans : celle-ci fera tout pour aider Violetta à retourner chez elle. Le compte à rebours est lancé avant que la porte magique entre les deux mondes ne disparaisse !"
L'Exorciste - Dévotion,11/10/2023,,,David Gordon Green, Universal Pictures International France ,"Leslie Odom Jr.,Olivia Marcum,Lidya Jewett",The Exorcist: Believer,,Anglais,Long-métrage,2023,-,,,,,,"Victor Fielding a perdu sa femme encore enceinte lors d’un tremblement de terre en Haiti 12 ans plus tôt. Depuis, il élève seul leur fille Angela qui a vu le jour malgré cette terrible catastrophe. Mais quand Angela et son amie Katherine, disparaissent dans les bois, pour n’en revenir que trois jours plus tard totalement amnésiques, une série d’évènements plus atroces les uns que les autres va confronter Victor à la quintessence du mal. Totalement désemparé il va essayer de retrouver la seule personne encore en vie qui ait assisté à ce genre d’atrocités : Chris MacNeil."
,,,,,,,,,,,,,,,,,,
Gran Turismo,09/08/2023,Drame,134,Neill Blomkamp, Sony Pictures Releasing France ,"David Harbour,Orlando Bloom,Archie Madekwe",Gran Turismo: Based On a True Story,,Anglais,Long-métrage,2023,-,,,,27 Photos,,"Gran Turismo retrace l'incroyable histoire vraie d'une équipe d'outsiders : un gamer issu de la classe ouvrière, un ex-pilote de course raté et un cadre idéaliste de l’industrie du sport automobile. Ensemble, ils risquent tout et s'attaquent au sport le plus élitiste au monde."
Retribution,23/08/2023,,90,Nimród Antal, StudioCanal ,"Liam Neeson,Noma Dumezweni,Jack Champion",,,Anglais,Long-métrage,2023,-,,,,31 Photos,,
La Beauté du geste,30/08/2023,,99,Sho Miyake, Art House ,"Yukino Kishii,Tomokazu Miura,Masaki Miura","Keiko, me wo sumasete","Japon,France",Japonais,Long-métrage,2022,-,,,,,,"Keiko vit dans les faubourgs de Tokyo où elle s’entraîne avec acharnement à la boxe. Sourde, c’est avec son corps qu’elle s’exprime. Mais au moment où sa carrière prend son envol, elle décide de tout arrêter…"
Les Tournesols sauvages,02/08/2023,,106,Jaime Rosales, Condor Distribution ,"Anna Castillo,Oriol Pla,Quim Ávila",Girasoles silvestres,"Espagne,France",Espagnol,Long-métrage,2022,-,,,,12 Photos,,"À Barcelone, Julia, 22 ans, élevant seule ses deux enfants, rêve de liberté et d'émancipation. Comme un tournesol suivant sans relâche la lumière, elle part chercher le soleil sous d'autres horizons. Lorsque le hasard remet sur son chemin deux hommes qu'elle a connu par le passé, la voilà confrontée à des émotions contraires."
Tropic,02/08/2023,,110,Edouard Salier, Rezo Films ,"Pablo Cobo,Louis Peres,Marta Nieto",,,Français,Long-métrage,2023,-,,,,,,"Lázaro et Tristán, jumeaux, font partie d’un programme militaire qui vise à former les meilleurs astronautes de demain. Leur mère a tout sacrifié pour les porter vers cet objectif. Mais leur rêve se brise et la cellule familiale explose lorsque Tristán est contaminé par un résidu toxique qui le transforme physiquement et mentalement…"
On dirait la planète Mars,02/08/2023,,104,Stéphane Lafleur, UFO Distribution ,"Steve Laplante,Larissa Corriveau,Fabiola N. Aladin",,,"Français, Anglais",Long-métrage,2022,-,,,,10 Photos,,"La première mission habitée sur Mars est en péril. Pas de panique : une branche canadienne de l’agence spatiale envoie dans une base en plein désert cinq anonymes sélectionnés pour leurs profils psychologiques quasi identiques à ceux des astronautes. Ils doivent vivre comme eux, penser comme eux, être comme eux, pour anticiper et résoudre les conflits. Mais ici ce n’est pas tout à fait la planète Mars. Et ce ne sont pas vraiment des astronautes."
Le Colibri,02/08/2023,,126,Francesca Archibugi, Paname Distribution ,"Pierfrancesco Favino,Kasia Smutniak,Bérénice Bejo",Il colibrì,"Italie,France",Italien,Long-métrage,2022,-,,,,11 Photos,,
En eaux très troubles,02/08/2023,Action,116,Ben Wheatley, Warner Bros. France ,"Jason Statham,Jing Wu,Cliff Curtis",Meg 2: The Trench,"U.S.A.,Chine",Anglais,Long-métrage,2023,-,,,,19 Photos,,"Cet été, préparez-vous à une décharge d’adrénaline avec EN EAUX TRÈS TROUBLES ! Film d’action survolté, ce deuxième opus plus gigantesque encore que le blockbuster de 2018 plonge le spectateur dans des eaux toujours plus profondes, où grouillent de redoutables megalodons, et bien plus…"
Veuillez nous excuser pour la gêne occasionnée,09/08/2023,,,Olivier Van Hoofstadt, UGC Distribution / TF1 Studio ," Artus,Elsa Zylberstein,Benjamin Tranié",,"France,Belgique",Français,Long-métrage,2023,-,,,,10 Photos,,"Sébastien, contrôleur de train consciencieux et professionnel, rêve d’être muté dans le sud de la France."
Anatomie d’une chute,23/08/2023,"Drame,Thriller,Judiciaire",150,Justine Triet, Le Pacte ,"Sandra Hüller,Swann Arlaud,Milo Machado Graner",,,"Français, Anglais",Long-métrage,2023,"6,2 M€",,,,14 Photos,2 prix et 4 nominations,
Avatar 4,19/12/2029,,,James Cameron, The Walt Disney Company France ,"Sam Worthington,Zoe Saldana,Sigourney Weaver",,,Anglais,Long-métrage,2029,-,,,,,,"Le quatrième volet de la saga ""Avatar""."
,,,,,,,,,,,,,,,,,,
Un silence,10/01/2024,,,Joachim Lafosse, Les Films du Losange ,"Daniel Auteuil,Emmanuelle Devos,Matthieu Galoux",,"Belgique,Luxembourg,France",Français,Long-métrage,2023,-,,,,,,"Silencieuse depuis 25 ans, Astrid la femme d’un célèbre avocat voit son équilibre familial s’effondrer lorsque ses enfants se mettent en quête de justice."
L'Empire,13/03/2024,,,Bruno Dumont, ARP Sélection ,"Camille Cottin,Lyna Khoudri,Anamaria Vartolomei",,"France,Allemagne,Italie,Belgique",Français,Long-métrage,2023,-,,,,,,"Entre Ma Loute et La Vie de Jésus, entre le ciel et la terre, Bruno Dumont nous offre sa vision caustique, cruelle et déjantée de La Guerre des étoiles."
Yannick,02/08/2023,,67,Quentin Dupieux, Diaphana Distribution ,"Raphaël Quenard,Blanche Gardin,Pio Marmaï",,,Français,Long-métrage,2023,-,,,,,,"En pleine représentation de la pièce « Le Cocu », un très mauvais boulevard, Yannick se lève et interrompt le spectacle pour reprendre la soirée en main..."
Le Champ des Possibles,06/09/2023,"Thriller,Romance",120,Aly Muritiba, Optimale Distribution ,"Antonio Saboia,Pedro Fasanaro,Thomas Aquino",Deserto Particular,"Brésil,Portugal",Portugais,Long-métrage,2021,-,,,,17 Photos,,"Daniel, 40 ans, a été suspendu de ses fonctions d’agent de police suite à une bavure. Il se focalise alors sur une relation virtuelle avec une personne mystérieuse qu’il n’a encore jamais rencontrée. Lorsqu’elle cesse de répondre à ses SMS, il décide de parcourir des milliers de kilomètres pour la retrouver…"
Captives,07/02/2024,Drame,,Arnaud des Pallières, Wild Bunch Distribution ,"Mélanie Thierry,Josiane Balasko,Marina Foïs",,,Français,Long-métrage,2023,-,,,,,,"Paris, 1894. Qui est Fanni qui prétend s’être laissée enfermer volontairement à l’Hôpital de la Salpêtrière ? Cherchant sa mère parmi la multitude des femmes convaincues de « folie », Fanni découvre une réalité de l’asile toute autre que ce qu’elle imaginait, ainsi que l’amitié inattendue de compagnes d’infortune. Le dernier grand bal de la Salpêtrière se prépare. Politiques, artistes, mondains s’y presseront. Dernier espoir d’échapper au piège qui se referme…"
Chasse gardée,20/12/2023,,,Frédéric Forestier, UGC Distribution ,"Didier Bourdon,Thierry Lhermitte,Hakim Jemili",,,Français,Long-métrage,2023,-,,,,,,"A l’étroit dans leurs deux pièces dans Paris, Simon Adélaïde et leurs deux enfants décident de quitter la ville pour une vie plus calme et confortable à la campagne. Ils se laissent immédiatement séduire par une maison en pleine nature : de l’espace, un potager, un bois attenant à leur jardin et surtout des voisins qui les accueillent les bras ouverts. Le rêve ! Mais le jeune couple va vite déchanter : leur bois est en réalité un terrain de chasse! Bien que bon vivants et sympathiques, les chasseurs ne sont pas décidés à abandonner leur territoire, faisant du rêve champêtre de Simon et Adélaïde un enfer. Mais, fidèles à leur réputation, nos Parisiens ne vont pas se laisser faire…"
Loup y es-tu ?,13/09/2023,,85,Clara Bouffartigue, Véo distribution ,,,,Français,Long-métrage,2022,-,,,,,,"Des jeunes, des enfants et leurs parents viennent consulter, souffrance en bandoulière, sous le manteau ou sous la peau, c'est selon. Au centre médico-psycho-pédagogique, les soignants sont là pour les accompagner en thérapie. Par le jeu, le dialogue, le silence, en famille, en groupe ou individuellement, ils cheminent pour les aider à grandir. La nuit, dans les couloirs et la salle d’attente, entre rêve et cauchemar, un drôle de petit bonhomme s’anime et libère ses émotions. Il était une fois, derrière le symptôme, tapis dans l'ombre, des enfants, des adolescents et des parents qui avaient peur du loup... Loup y es-tu ?"
Une équipe de rêve,20/12/2023,Comédie,,Taika Waititi, The Walt Disney Company France ,"Elisabeth Moss,Michael Fassbender,Oscar Kightley",Next Goal Wins,,Anglais,Long-métrage,2023,-,,,,,,
Anselm (Le Bruit du temps),18/10/2023,,93,Wim Wenders, Les Films du Losange ,,Anselm,,"Allemand, Anglais",Long-métrage,2023,-,,,,,,
Francesca et l'amour,02/08/2023,,,Alba Sotorra, Urban Distribution ,,Francesca y el amor,"Espagne,France",Espagnol,Long-métrage,2021,-,,,,,,"À 60 ans, Francesca, se retrouve sans enfant chez elle et décide de trouver un compagnon. Mais où le trouver ? Encouragée par ses amis, elle s’inscrit sur un site de rencontre. Aventures sexuelles, situations uniques, sentiment de vide… À travers ce voyage intérieur, Francesca apprendra surtout à renouer avec elle-même."
Un automne à Great Yarmouth,06/09/2023,,113,Marco Martins, Damned Distribution ,"Nuno Lopes,Beatriz Batarda,Kris Hitchen",Great Yarmouth: Provisional Figures,,"Portugais, Anglais",Long-métrage,2022,-,,,,,,"Octobre 2019, en Grande-Bretagne, trois mois avant le Brexit. Tânia organise le travail, transport et logement des travailleurs immigrés portugais de l’usine de volailles de Great Yarmouth, dans le Norfolk. Flottant dans un monde où les bâtiments sont délabrés et les conditions de travail des ouvriers à l’abattoir particulièrement dures, Tânia apprend l’anglais en rêvant d’ouvrir un jour un hôtel pour y accueillir les touristes du troisième âge."
Poisson rouge,27/09/2023,,100,Hugo Bachelet, Destiny Films ,"Guillaume Darnault,Julie Gallibert,Andy Pimor",,,Français,Long-métrage,2022,-,,,,,,"Guillaume, 33 ans, perd la mémoire de façon irréversible et va rentrer dans un centre spécialisé. Dans l'espoir de lui laisser un souvenir heureux, ses potes d'enfance lui organisent un dernier week-end festif. Ils se lancent dans un road trip qui permettra peut-être à Guillaume de régler ses problèmes avant qu'il ne les oublie…"
Entre les lignes,04/10/2023,"Historique,Romance",104,Eva Husson, Condor Distribution ,"Odessa Young,Josh O'Connor,Colin Firth",Mothering Sunday,,Anglais,Long-métrage,2021,-,,,,21 Photos,,"Angleterre, 1924. Femme de chambre chez un couple d'aristocrates, Jane fréquente secrètement Paul, le fils des propriétaires du manoir voisin. Instinctivement, Jane sait que leur différence de milieu, et le futur mariage de Paul avec une autre, vouent leur liaison passionnée à l'échec. Elle se raccroche alors à ces étreintes dérobées comme à autant de futurs souvenirs destinés à nourrir sa plume d'écrivaine en devenir."
Zom 100 : La liste de la mort,,"Science fiction,Comédie",128,Yûsuke Ishida,,"Eiji Akaso,Mai Shiraishi,Shuntaro Yanagi",Zom 100: Bucket List Of The Dead,,Japonais,Long-métrage,2023,-,,,,,,"Brutalisé par son patron, exploité 24 heures sur 24, il est devenu esclave de son entreprise. Mais quand une invasion de zombies se produit, il retrouve goût à la vie !"
N°10,30/08/2023,"Science fiction,Comédie",100,Alex Van Warmerdam, Ed Distribution ,"Anniek Pheifer,Gene Bervoets,Pierre Bokma",Nr. 10,"Pays-Bas,Belgique,Allemagne",Néerlandais,Long-métrage,2021,-,,,,,,"Günter, trouvé dans les bois en Allemagne à l’âge de quatre ans, a grandi dans une famille d’accueil. Une quarantaine d'années plus tard, il mène une vie normale : il gagne sa vie comme acteur de théâtre, passe du temps avec sa fille Lizzy, a une liaison avec une femme mariée. Lorsqu’un homme sur un pont lui chuchote un mot étrange à l’oreille, il commence à s’interroger sur ses origines."
L'Arbre aux papillons d'or,20/09/2023,,178,Pham Thien An, Nour Films ,,Bên trong vỏ kén vàng,,Vietnamien,Long-métrage,2023,-,,,,,1 prix et 2 nominations,
Comme par magie,22/11/2023,,,Christophe Barratier, Apollo Films / Orange Studio ,"Gérard Jugnot,Kev Adams,Claire Chust",,,Français,Long-métrage,2023,"6,2 M€",,,,,,"Victor, jeune magicien en pleine ascension, élève seul sa fille Lison. C’est sans compter Jacques, son fantasque beau-père, qui se mêle contre son avis de l’éducation de la petite. Un tandem improbable qui aura pour arbitre Nina, l’amie d’enfance de Victor, au caractère bien trempé."
Le Rêve de Daisy,30/08/2023,"Famille,Aventure",88,Ricard Cussó, Alba Films ,"Angourie Rice,Sam Neill,Lucy Durack",Daisy Quokka: World's Scariest Animal,,Anglais,Long-métrage,2021,-,,,,,,"Dans ce nouveau conte de la Cité Sanctuaire, où tous les animaux vivent en harmonie, la Cité s’apprête à accueillir « La Coupe du Monde de la Peur » durant laquelle les animaux les plus féroces vont s’affronter dans l’arène. Daisy, une petite quokka incroyablement attachante veut réaliser son rêve le plus cher : gagner ces jeux ! Avec l’aide d’un ancien champion du monde banni de la Cité, elle tentera tout pour surmonter les obstacles et prouver que même l’animal le plus mignon de la Cité peut se révéler effrayant…"
L'Enlèvement,01/11/2023,,135,Marco Bellocchio, Ad Vitam ,"Paolo Pierobon,Enea Sala,Leonardo Maltese",Rapito,"Italie,France,Allemagne",Italien,Long-métrage,2023,-,,,,,5 nominations,
The Old Oak,25/10/2023,,113,Ken Loach, Le Pacte ,"Dave Turner,Ebla Mari,Trevor Fox",,"France,Grande-Bretagne",Anglais,Long-métrage,2023,-,,,,,5 nominations,
Menus plaisirs,20/12/2023,,238,Frederick Wiseman, Météore Films ,,,"France,U.S.A.",Français,Long-métrage,2023,-,,,,,,"Le documentariste américain met en scène la maison Troisgros, un restaurant trois étoiles au Guide Michelin, situé à Ouches, à environ une centaine de kilomètres de Lyon."
La Fiancée du poète,11/10/2023,,103,Yolande Moreau, Le Pacte ,"Yolande Moreau,Sergi López,Grégory Gadebois",,"France,Belgique",Français,Long-métrage,2023,-,,,,,,"Amoureuse de peinture et de poésie, Mireille s'accommode de son travail de serveuse à la cafétéria des Beaux-Arts de Charleville tout en vivant de petits larcins et de trafic de cartouches de cigarettes. N'ayant pas les moyens d'entretenir la grande maison familiale des bords de Meuse dont elle hérite, Mireille décide de prendre trois locataires. Trois hommes qui vont bouleverser sa routine et la préparer, sans le savoir, au retour du quatrième : son grand amour de jeunesse, le poète."
Madame Web,14/02/2024,,,S.J. Clarkson, Sony Pictures Releasing France ,"Dakota Johnson,Sydney Sweeney,Celeste O’Connor",,,Anglais,Long-métrage,2024,-,,,,,,"Spin-off de l'univers de Spider-Man centré sur Cassandra Webb alias Madame Web, mentor de l'homme araigné. Il s'agit d'une vieille femme aveugle et paralysée mais dotée de capacités extraordinaires comme la télépathie ou encore la clairvoyance."
The Machine,,"Comédie,Action",112,Peter Atencio,,"Bert Kreischer,Mark Hamill,Jimmy Tatro",,,Anglais,Long-métrage,2023,-,,,,,,"Inspiré des aventures réelles de Bert Kreischer et de son numéro de stand-up ""The Machine"", qui a été vu plus de 85 millions de fois. Le passé d'ivrogne de Bert le rattrape 20 ans plus tard, lorsque son père et lui sont kidnappés par ceux que Bert a trompés il y a 20 ans, alors qu'il était ivre pendant un semestre universitaire en Russie."
Vincent doit mourir,15/11/2023,"Fantastique,Comédie,Drame",115,Stephan Castang, Capricci Films ,"Karim Leklou,Vimala Pons,François Chattot",,"France,Belgique",Français,Long-métrage,2023,-,,,,,1 prix et 2 nominations,
Quand les vagues se retirent,16/08/2023,Thriller,187,Lav Diaz, Epicentre Films ,"John Lloyd Cruz,Ronnie Lazaro,Don Melvin Boongaling",Kapag Wala Nang mga Alon,"Philippines,France,Danemark,Portugal",Filipino,Long-métrage,2022,-,,,,,2 nominations,"Le lieutenant Hermes Papauran, l’un des meilleurs enquêteurs des Philippines, se trouve dans un profond dilemme moral. En tant que membre des forces de l’ordre, il est le témoin privilégié de la campagne meurtrière anti-drogue que son institution mène avec dévouement. Les atrocités corrodent Hermes physiquement et spirituellement, lui causant une grave maladie de peau qui résulte de l’anxiété et de la culpabilité. Pour guérir, il devra affronter ses propres démons."
Le Théorème de Marguerite,01/11/2023,,112,Anna Novion, Pyramide Distribution ,"Ella Rumpf,Jean-Pierre Darroussin,Clotilde Courau",,"France,Suisse",Français,Long-métrage,2023,-,,,,,2 prix et 4 nominations,
Bro,02/08/2023,Fantastique,132, Samuthirakani, Friday Entertainment ,"Pawan Kalyan,Sai Dharam Tej,Brahmanandam Kanneganti",,,Autre,Long-métrage,2023,-,,,,,,"Markandeyulu ""Mark"" est un informaticien à Hyderabad, avec le désir d'avoir une petite amie. C'est un individu dominant qui fait passer ses propres intérêts avant les autres, y compris ceux de sa propre famille, comprenant sa mère Easwari, ses sœurs Veena et Gayathri."
Vera,23/08/2023,,115,Tizza Covi, Les Films de l'Atalante ,"Vera Gemma,Daniel De Palma,Sebastian Dascalu",,,Allemand,Long-métrage,2022,-,,,,,1 prix et 2 nominations,"Vera, actrice blond platine au chapeau de cowboy vissé sur la tête, mène difficilement sa carrière, dans l’ombre de son père, Giuliano Gemma, icône du cinéma italien des années 60. Elle vit au jour le jour dans le petit monde du showbiz, lassée de ses relations superficielles. A la suite d’un accident de la route dans un quartier populaire de Rome, Vera rencontre un jeune garçon de huit ans et son père. Elle tisse une relation intense avec eux, découvre alors la vraie vie, et peut-être même une nouvelle famille."
Perfect Days,29/11/2023,Comédie,123,Wim Wenders, Haut et Court ,"Koji Yakusho,Min Tanaka,Arisa Nakano",,"Allemagne,Japon",Japonais,Long-métrage,2023,-,,,,,1 prix et 5 nominations,
Furiosa,22/05/2024,,,George Miller, Warner Bros. France ,"Anya Taylor-Joy,Chris Hemsworth,Tom Burke",,"Australie,U.S.A.",Anglais,Long-métrage,2024,-,,,,,,"Alors que le monde s'écroule, la jeune Furiosa tombe entre les mains d'une horde de motards dirigée par le seigneur de la guerre Dementus. En traversant le Wasteland, ils tombent sur la Citadelle présidée par l'Immortan Joe. Alors que les deux tyrans se battent pour la domination, Furiosa doit survivre à de nombreuses épreuves pour trouver le moyen de rentrer chez elle."
Le Royaume de Kensuke,07/02/2024,Aventure,84,Neil Boyle, Le Pacte ,"Cillian Murphy,Sally Hawkins,Raffey Cassidy",Kensuke's Kingdom,"Grande-Bretagne,Luxembourg,France",Anglais,Long-métrage,2023,-,,,,,,"Un jeune garçon naufragé sur une île isolée découvre qu'il n'est pas seul quand il rencontre un vieux soldat japonais hostile qui s'est retiré là après la Seconde Guerre mondiale. Alors que de dangereux envahisseurs apparaissent à l'horizon, il devient très clair qu'ils devront unir leurs forces pour sauver leur fragile paradis insulaire."
The Batman: Part II,01/10/2025,Drame,,Matt Reeves, Warner Bros. France ,Robert Pattinson,,,Anglais,Long-métrage,2025,-,,,,,,Suite de The Batman de Matt Reeves avec Robert Pattinson dans la peau de l'homme-chauve-souris.
The Fall Guy,28/02/2024,Comédie,,David Leitch, Universal Pictures International France ,"Ryan Gosling,Emily Blunt,Aaron Taylor-Johnson",,,Anglais,Long-métrage,2024,-,,,,,,
Le Château Solitaire dans le Miroir,06/09/2023,"Drame,Fantastique",116,Keiichi Hara, Eurozoom ,"Shingo Fujimori,Rihito Itagaki,Yûki Kaji",Kagami no Kojou,,Japonais,Long-métrage,2022,-,,,,,,"Un beau jour, le miroir dans la chambre de Kokoro se met à scintiller. À peine la jeune fille l’a-t-elle effleuré qu’elle se retrouve dans un formidable château digne d’un conte de fées. Là, une mystérieuse fillette affublée d’un masque de loup lui soumet un défi. Elle a un an pour l’accomplir et ainsi réaliser un souhait. Seulement Kokoro n’est pas seule : six autres adolescents ont le même objectif qu’elle."
àma Gloria,30/08/2023,,84,Marie Amachoukeli, Pyramide Distribution ,"Louise Mauroy-Panzani,Ilça Moreno,Arnaud Rebotini",,"Belgique,France","Français, Portugais",Long-métrage,2023,-,,,,,,
Mufasa: The Lion King,03/07/2024,"Aventure,Famille",,Barry Jenkins, The Walt Disney Company France ,"Aaron Pierre,Kelvin Harrison Jr.,Seth Rogen",,,Anglais,Long-métrage,2023,-,,,,,,"Mufasa: The Lion King se présentera sous forme de flashbacks. Rafiki, Timon et Pumbaa raconteront à un jeune lionceau l’histoire et l’ascension d’un des plus grands rois que la Terre des Lions n’ait jamais portés."
L'Abbé Pierre - Une vie de combats,08/11/2023,Drame,138,Frédéric Tellier, SND ,"Benjamin Lavernhe,Emmanuelle Bercot,Michel Vuillermoz",,,Français,Long-métrage,2023,"15,7 M€",,,,,2 nominations,
Leurs Enfants après eux,18/09/2024,,,Ludovic Boukherma, Warner Bros. France ,"Gilles Lellouche,Paul Kircher,Anaïs Demoustier",,,Français,Long-métrage,2024,-,,,,,,"Août 1992. Une vallée perdue quelque part dans l’Est, des hauts-fourneaux qui ne brûlent plus, un lac, un après-midi de canicule. Anthony a quatorze ans, et avec son cousin, pour tuer l’ennui, il décide de voler un canoë et d’aller voir ce qui se passe de l’autre côté, sur la fameuse plage des culs-nus. Au bout, ce sera pour Anthony le premier amour, le premier été, celui qui décide de toute la suite. Ce sera le drame de la vie qui commence."
Les Segpa font du ski,27/12/2023,,,Ali Boughéraba, Apollo Films ,"Ichem Bougheraba,Walid Ben Amar,Arriles Amrani",,,Français,Long-métrage,2023,-,,,,,,
Inside,06/09/2023,,99,Bishal Dutta, KMBO ,"Megan Suri,Neeru Bajwa,Mohana Krishnan",It Lives Inside,,"Anglais, Hindi",Long-métrage,2023,-,,,,,,"Sam, une adolescente sans histoire, assiste à un phénomène surnaturel terrifiant dans son école. Sa meilleure amie en est la première victime. Elle sera la suivante, si ce qui est enfermé parvient à s’échapper…"
Vice Versa 2,12/06/2024,,,Kelsey Mann, The Walt Disney Company France ,"Amy Poehler,Diane Lane,Phyllis Smith",Inside Out 2,,Anglais,Long-métrage,2024,-,,,,,,"Désormais adolescente, Riley ressent toutes sortes de nouvelles émotions..."
Spoiler Alert,,Comédie,112,Michael Showalter,,"Jim Parsons,Ben Aldridge,Sally Field",,,Anglais,Long-métrage,2022,-,,,,11 Photos,,"Adaptation des mémoires du journaliste Michael Ausiello, récit des onze mois passés entre le moment où son compagnon s'est vu diagnostiquer un cancer en phase terminale, et le décès de ce dernier."
Drive-Away Dolls,04/10/2023,Thriller,,Ethan Coen, Universal Pictures International France ,"Margaret Qualley,Geraldine Viswanathan,Pedro Pascal",,,Anglais,Long-métrage,2023,-,,,,,,"Jamie et son amie Marian, sont à la recherche d'un nouveau départ, elles se lancent dans un road trip mais les choses tournent mal lorsqu'elles croisent en chemin un groupe de criminels bras cassés."
Gladiator 2,20/11/2024,Action,,Ridley Scott, Paramount Pictures France ,"Paul Mescal,May Calamawy,Denzel Washington",,"U.S.A.,Grande-Bretagne",Anglais,Long-métrage,2024,-,,,,,,"L'histoire de Lucius, le fils de Lucilla (Connie Nielsen dans Gladiator) et neveu de Commode (Joaquin Phoenix). Lucius est très admiratif du parcours de Maximus et devrait suivre ses traces."
Sacerdoce,18/10/2023,,84,Damien Boyer, Saje Distribution ,,,,Français,Long-métrage,2023,-,,,,,,"Depuis des siècles, les prêtres accompagnent de nombreuses personnes dans leur vie, dans les moments de joie comme d’épreuve. Alors que le scandale des abus a entaché l’Église ces dernières années, les prêtres demeurent un mystère. Plus qu’un simple métier, leur fonction exige un style de vie si radical, celui du célibat, de l’abandon de la paternité et d’un style de vie sobre. Antoine, prêtre vagabond, ancien rider, sillonne l’Ariège avec sa caravane pour écouter les villageois. Gaspard, prêtre montagnard, pousse les jeunes à se dépasser, à contempler la création, et à se débarrasser de leurs addictions. François, prêtre parisien expérimenté, apporte son regard empreint de sagesse sur la nature profonde du sacerdoce. Paul souhaite remporter le championnat de France du clergé à vélo. Le Père Matthieu emmène Jésus en procession dans les quartiers chauds des Philippines. A travers leurs vies données au monde s’esquissent les enjeux de leur engagement et de la prêtrise au XXIe siècle."
The Killer,,Policier,,David Fincher,"
1 nomination
","Michael Fassbender,Tilda Swinton,Charles Parnell",,,Anglais,Long-métrage,2023,-,,,,,,
My dear f***ing prince,,,,Matthew Lopez,,"Taylor Zakhar Perez,Uma Thurman,Nicholas Galitzine","Red, White & Royal Blue",,Anglais,Long-métrage,2023,-,,,,,,"Le fils de la présidente américaine, Alex Claremont-Diaz, est un beau parti. Cependant, il a une altercation avec son homologue royal britannique, le prince Henry, prise en photo par des paparazzis. Cette querelle remet en cause les relations diplomatiques anglo-américaines. Les deux familles organisent alors un rapprochement amical entre les deux jeunes hommes."
Les Trois Mousquetaires: Milady,13/12/2023,,,Martin Bourboulon, Pathé ,"François Civil,Romain Duris,Vincent Cassel",,,Français,Long-métrage,2023,60 M€,,,,,,"Du Louvre au Palais de Buckingham, des bas-fonds de Paris au siège de La Rochelle… dans un Royaume divisé par les guerres de religion et menacé d’invasion par l’Angleterre, une poignée d’hommes et de femmes vont croiser leurs épées et lier leur destin à celui de la France."
Bernadette,04/10/2023,,,Léa Domenach, Warner Bros. France ,"Catherine Deneuve,Denis Podalydès,Michel Vuillermoz",,,Français,Long-métrage,2023,-,,,,,,"Quand elle arrive à l’Elysée, Bernadette Chirac s’attend à obtenir enfin la place qu’elle mérite, elle qui a toujours œuvré dans l’ombre de son mari pour qu’il devienne président. Mise de côté car jugée trop ringarde, Bernadette décide alors de prendre sa revanche en devenant une figure médiatique incontournable."
La Nonne 2,13/09/2023,,,Michael Chaves, Warner Bros. France ,"Bonnie Aarons,Taissa Farmiga,Storm Reid",The Nun II,,Anglais,Long-métrage,2023,-,,,,,,"Le mal n’a jamais été aussi proche : Valak, la nonne démoniaque de Conjuring revient… Dans le sud de la France."
Le Consentement,11/10/2023,Biopic,118,Vanessa Filho, Pan Distribution ,"Jean-Paul Rouve,Kim Higelin,Laetitia Casta",,"France,Belgique",Français,Long-métrage,2023,"3,7 M€",,,,,,"Vanessa Springora raconte comment elle s'est retrouvée sous l'emprise d'un écrivain célèbre. En 1986, elle avait 13 ans; lui, presque 50. Elle explique comment elle a été victime d'une triple prédation : sexuelle, littéraire et psychique. Mais au-delà de son histoire individuelle, elle questionne aussi les dérives d'une époque, et la complaisance d'un milieu aveuglé par le talent et la célébrité."
Le Comte de Monte-Cristo,11/12/2024,,,Alexandre De La Patellière, Pathé ,"Pierre Niney,Bastien Bouillon,Anaïs Demoustier",,,Français,Long-métrage,2024,-,,,,,,"Nouvelle adaptation du Comte de Monte-Cristo. ""Le film suivra le point de vue d’Edmond Dantès, le premier super-héros français, qui passe de la lumière à l’ombre, et devient l’incarnation du vengeur masqué"
Spider-Man 4,10/07/2024,Fantastique,, Sony Pictures Releasing France , Sony Pictures Releasing France ,Tom Holland,,,Anglais,Long-métrage,2025,-,,,,,,Quatrième volet des aventures de Spider-man (Tom Holland).
Kraven The Hunter,28/08/2024,,,J.C. Chandor, Sony Pictures Releasing France ,"Aaron Taylor-Johnson,Russell Crowe,Fred Hechinger",,,Anglais,Long-métrage,2024,-,,,,,,Kraven the Hunter raconte la genèse sanglante de l'un des super-vilains les plus iconiques de l'univers Marvel avant sa fameuse vendetta contre Spider-Man.
We have a dream,27/09/2023,,,Pascal Plisson, Jour2fête ,,,,Anglais,Long-métrage,2023,-,,,,,,"Qui a dit que vivre avec un handicap signifiait renoncer à ses plus grands rêves ? A travers le monde, Pascal Plisson est allé à la rencontre de Xavier, Charles, Antonio, Maud, Nirmala et Khendo, des enfants extraordinaires qui vont prouver que l’amour, l’éducation inclusive, l'humour et le courage peuvent déplacer des montagnes, et que le destin est parfois plein de surprises."
Bob Marley: One Love,10/01/2024,Drame,,Reinaldo Marcus Green, Paramount Pictures France ,"Kingsley Ben-Adir,Lashana Lynch,Michael Gandolfini",,,Anglais,Long-métrage,2024,-,,,,,,Bob Marley: One Love célèbre la vie et la musique d'une icône qui a inspiré des générations à travers son message d'amour et d'unité.
Les As de la jungle 2 - Opération tour du monde,16/08/2023,"Aventure,Comédie,Famille",89,Laurent Bru, SND ,"Philippe Bozo,Laurent Morteau,Pascal Casanova",,,Français,Long-métrage,2023,-,,,,,,"Qui appelle-t-on à la rescousse quand un mystérieux super-vilain recouvre la jungle d’une mousse rose qui explose au contact de l’eau ? Les As de la Jungle ! Moins d’un mois avant la saison des pluies, la course contre la montre est lancée. Du Pôle Nord à l’Extrême-Orient, traversant des montagnes, des déserts et des océans, nos héros vont devoir parcourir le monde à la recherche d’un antidote, loin de leur jungle favorite !"
Dune : Deuxième Partie,01/11/2023,,,Denis Villeneuve, Warner Bros. France ,"Timothée Chalamet, Zendaya,Rebecca Ferguson",Dune: Part Two,,Anglais,Long-métrage,2023,-,,,,13 Photos,,"Dans DUNE : DEUXIÈME PARTIE, Paul Atreides s’unit à Chani et aux Fremen pour mener la révolte contre ceux qui ont anéanti sa famille. Hanté par de sombres prémonitions, il se trouve confronté au plus grand des dilemmes : choisir entre l’amour de sa vie et le destin de l’univers."
Hors-saison,20/03/2024,,115,Stéphane Brizé, Gaumont Distribution ,"Guillaume Canet,Alba Rohrwacher,Sharif Andoura",,,Français,Long-métrage,2024,-,,,,,,"Mathieu habite Paris, Alice vit dans une petite cité balnéaire dans l’ouest de la France. Il caresse la cinquantaine, c’est un acteur connu. Elle a dépassé la quarantaine, elle est professeure de piano. Ils se sont aimés il y a une quinzaine d’années. Puis séparés. Depuis, le temps est passé, chacun a suivi sa route et les plaies se sont refermées peu à peu. Quand Mathieu vient diluer sa mélancolie dans les bains à remous d’une thalasso, il retrouve Alice par hasard."
Mise au vert,20/09/2023,,94,Yohann Charrin, KapFilms ,"Frederick Guillaud,Alexandra Holzhammer,Juliette Charrin",,,Français,Long-métrage,2023,-,,,,,,"Resserrer les liens familiaux, libérer ses ados de leur addiction numérique, renouer avec ses racines dans la région de son enfance; voilà pourquoi Régis décide d’emmener femme et enfants passer des vacances surprises dans le Vercors. Une vieille maison en ruine perdue dans la forêt. Pas d’eau, pas d’électricité, encore moins de réseaux ni de wifi. Rien ne va se passer comme prévu..."
Le Dernier Voyage du Demeter,23/08/2023,Thriller,119,André Øvredal, Universal Pictures International France ,"Corey Hawkins,Aisling Franciosi,David Dastmalchian",The Last Voyage Of The Demeter,,Anglais,Long-métrage,2023,-,,,,,,"Le récit terrifiant de la traversée du Demeter, un navire commercial à bord duquel est très discrètement embarquée, à destination de Londres depuis les Carpathes, une cargaison de caisses en bois non identifiée. À bord du navire maudit, d’étranges évènements ne tardent pas à frapper l’équipage qui va devoir tenter, durant cette funeste traversée, d’échapper à une étrange présence qui nuit après nuit va les traquer sans pitié. L’épave, véritable bateau fantôme qui finit par accoster sur les côtes anglaises n’est plus que l’ombre du Demeter, à bord duquel il n’y a plus âme qui vive."
Killers of the Flower Moon,18/10/2023,"Drame,Historique",206,Martin Scorsese, Paramount Pictures France ,"Leonardo DiCaprio,Robert De Niro,Jesse Plemons",,,Anglais,Long-métrage,2023,-,,,,,,
Les Fantômes d'Istanbul,23/08/2023,,90,Azra Deniz Okyay, La Vingt-Cinquième Heure ,"Dilayda Güneş,Beril Kayar,Nalan Kuruçim",Hayaletler,"Turquie,Qatar,France",Turc,Long-métrage,2020,-,,,,,3 nominations,"Istanbul, dans un futur proche. Alors que la ville est en proie à des troubles politiques et sous la menace d’un black out, Dilem, une jeune danseuse activiste, croise le destin d’une mère dont le fils est en prison, d’une artiste féministe et d’un trafiquant rusé au cœur d’un réseau de trafic de drogue et d’arnaques immobilières. Leurs histoires s'entremêlent, offrant un portrait saisissant de la Turquie contemporaine."
Alam,30/08/2023,,100,Firas Khoury, JHR Films ,"Mahmood Bakri,Sereen Khass,Mohammad Karaki",,"Palestine,France,Tunisie,Arabie Saoudite,Qatar",Arabe,Long-métrage,2022,-,,,,,,"Tamer est palestinien et vit en Israël. Il mène avec ses amis la vie d'un lycéen insouciant jusqu'à l'arrivée de la belle Maysaa. Pour lui plaire Tamer accepte de prendre part à une mystérieuse opération drapeau à la veille de la fête d'Indépendance israélienne, jour de deuil pour les Palestiniens."
Blanche-Neige,20/03/2024,,,Marc Webb, The Walt Disney Company France ,"Rachel Zegler,Gal Gadot,Andrew Burnap",Disney's Snow White,,Anglais,Long-métrage,2024,-,,,,,,"Une version en prises de vues réelles du classique Disney ""Blanche-Neige et les sept nains""."
Dogman,27/09/2023,,113,Luc Besson, EuropaCorp Distribution / Apollo Films ,"Caleb Landry Jones,Jojo T. Gibbs,Christopher Denham",,"France,U.S.A.",Anglais,Long-métrage,2023,-,,,,,,"L’incroyable histoire d’un enfant, meurtri par la vie, qui trouvera son salut grâce à l’amour que lui portent ses chiens"
Un coup de maître,09/08/2023,,95,Rémi Bezançon, Zinc Film ,"Vincent Macaigne,Bouli Lanners,Bastien Ughetto",,"France,Belgique",Français,Long-métrage,2023,-,,,,11 Photos,,"Propriétaire d’une galerie d’art, Arthur Forestier représente Renzo Nervi, un peintre en pleine crise existentielle. Les deux hommes sont amis depuis toujours et, même si tout les oppose, l’amour de l’art les réunit. En panne d’inspiration depuis plusieurs années, Renzo sombre peu à peu dans une radicalité qui le rend ingérable. Pour le sauver, Arthur élabore un plan audacieux qui finira par les dépasser… Jusqu’où peut-on aller par amitié ?"
Napoléon,22/11/2023,"Historique,Aventure,Guerre",158,Ridley Scott, Sony Pictures Releasing France ,"Joaquin Phoenix,Vanessa Kirby,Tahar Rahim",Napoleon,,Anglais,Long-métrage,2023,-,,,,,,"Fresque spectaculaire, Napoléon s'attache à l'ascension et à la chute de l'Empereur Napoléon Bonaparte. Le film retrace la conquête acharnée du pouvoir par Bonaparte à travers le prisme de ses rapports passionnels et tourmentés avec Joséphine, le grand amour de sa vie."
Les Promesses,09/08/2023,,114,Amanda Sthers, Madeleine films ,"Pierfrancesco Favino,Kelly Reilly,Jean Reno",Promises,"France,Italie",Anglais,Long-métrage,2021,-,,,,,,"La vie, en général, n’en finit pas de faire des promesses qu’elle prend plaisir, ensuite, à ne pas tenir. L’histoire d’amour inachevée entre Alexander et Laura …"
Sentinelle,,,,Hugo Benamozig,"
1 nomination
","Jonathan Cohen,Emmanuelle Bercot,Raphaël Quenard",,,Français,Long-métrage,2023,-,,,,15 Photos,,"François Sentinelle mène une double vie. Le jour, il est le flic le plus médiatique de l’Île de la Réunion, connu pour ses méthodes musclées et ses chemises à fleur, poursuivant les criminels à bord de son célèbre defender jaune. Mais hors des heures de service (et bien souvent pendant), Sentinelle a un autre métier : chanteur de charme. Tous les réunionnais ont dansé sur ""Le Kiki"", son tube de jeunesse aujourd'hui un peu embarrassant. Depuis quinze ans, il essaye de renouer avec le succès en préparant un nouvel album… sans succès. Mais entre la police et la musique, Sentinelle ne veut pas choisir. Alors qu’il reste affairé à ses concerts et la sortie de son album, une vague de crimes violents secoue l’île. Une figure de l’élite locale est kidnappée, une autre assassinée. Pour n’importe quel flic, ce serait l’affaire d’une vie. Mais Sentinelle, tout à sa musique, n’a pas vraiment la tête à enquêter."
Zone(s) de turbulence,09/08/2023,,97,Hafsteinn Gunnar Sigurðsson, Rezo Films ,"Timothy Spall,Emun Elliott,Ella Rumpf",Northern Comfort,"Islande,Grande-Bretagne,Allemagne",Anglais,Long-métrage,2023,-,,,,10 Photos,,"Sarah est une femme d’affaire basée à Londres qui souffre d’une peur incontrôlable de l’avion. Pour sauver sa nouvelle relation amoureuse, elle doit surmonter sa phobie et apprendre à lâcher prise – quitte à endurer un vol inattendu et follement imprévisible vers l’Islande…"
La Guerre des Dieux,23/08/2023,"Action,Fantastique",127,Ji Zhao, KMBO ,Kai Wang,Xin shen bang: Yang Jian,,Chinois,Long-métrage,2022,-,,,,14 Photos,,"Autrefois considéré comme un dieu puissant, Yang Jian a été réduit à la condition d’un tueur à gages déchu. Sa vie bascule le jour où une femme énigmatique lui propose une mission qui le force à reprendre du service. Il doit à nouveau faire face à son passé pour combattre ses anciens démons. La lutte entre Yang Jian et les créatures mystiques sera sans merci, au risque de perturber l’équilibre de leurs mondes. Une course contre la montre pour sauver le destin de leurs univers."
Hypnotic,23/08/2023,Action,94,Robert Rodriguez, SND ,"Ben Affleck,Alice Braga,JD Pardo",,,Anglais,Long-métrage,2023,-,,,,17 Photos,,
Reality,16/08/2023,Biopic,82,Tina Satter, Metropolitan FilmExport ,"Sydney Sweeney,Josh Hamilton,Marchant Davis",,,Anglais,Long-métrage,2023,-,,,,11 Photos,,"Le 3 juin 2017, Reality Winner, vingt-cinq ans, est interrogée par deux agents du FBI à son domicile. Cette conversation d’apparence banale parfois surréaliste, dont chaque dialogue est tiré de l’authentique transcription de l’interrogatoire, brosse le portrait complexe d’une milléniale américaine, vétérane de l’US Air Force, professeure de yoga, qui aime les animaux, les voyages et partager des photos sur les réseaux sociaux. Pourquoi le FBI s’intéresse-t-il à elle ? Qui est vraiment Reality ?"
The Marvels,08/11/2023,"Fantastique,Science fiction",,Nia DaCosta, The Walt Disney Company France ,"Brie Larson,Iman Vellani,Teyonah Parris",,,Anglais,Long-métrage,2023,-,,,,,,"Suite des aventures de Carol Danvers, alias Captain Marvel"
Nouveau départ,27/09/2023,,,Philippe Lefebvre, UGC Distribution / Orange Studio ,"Franck Dubosc,Karin Viard",,,Français,Long-métrage,2023,"7,9 M€",,,,,,"Amoureux de Diane comme au premier jour, Alain traverse la cinquantaine sans crise. Même le départ des enfants, il l’a bien vécu. Diane moins.… Cette période, elle l’entame avec la sensation qu’elle pourrait mourir d’ennui ou d’angoisse. Pour Alain, qui voit pour la première fois son couple vaciller, il est temps de se poser les questions essentielles, et de prendre un risque majeur après 30 ans de vie commune : quitter Diane pour réveiller la flamme et l’envie de se retrouver. Nouveau Départ, c’est l’histoire d’une histoire d’amour à quitte ou double."
Five Nights At Freddy's,08/11/2023,,180,Emma Tammi, Universal Pictures International France ,"Josh Hutcherson,Elizabeth Lail,Kat Conner Sterling",,,Anglais,Long-métrage,2023,-,,,,14 Photos,,"Le film met en scène la prise de service d’un agent de sécurité assez perturbé dans la pizzeria de Freddy Fazbear. Lors de cette première nuit, il se rend compte que les nuits chez Freddy ne sont pas de tout repos et qu’il pourrait bien ne pas revoir le jour."
"Mission Impossible : Dead Reckoning, partie 2",26/06/2024,,,Christopher McQuarrie, Paramount Pictures France ,"Tom Cruise,Simon Pegg,Rebecca Ferguson",Mission: Impossible - Dead Reckoning Part Two,,Anglais,Long-métrage,2024,-,,,,,,Suite des aventures de l'espion Ethan Hunt.
Paradis,30/08/2023,,88,Alexander Abaturov, Jour2fête ,,Paradise,"Suisse,France",Russe,Long-métrage,2022,-,,,,,,"À l’été 2021, une vague de chaleur et une sécheresse exceptionnelle provoquent des incendies géants qui ravagent 19 millions d’hectares dans le nord-est de la Sibérie. Dans cette région, au cœur de la taïga, le village de Shologon se voile d’un épais nuage de fumée. Les cendres noires portées par le vent propagent des nouvelles alarmantes : la forêt est en feu et les flammes approchent. Abandonnés par le gouvernement, livrés à eux-mêmes, les habitants doivent s'unir pour combattre le Dragon."
3 jours max,25/10/2023,Action,90,Tarek Boudali, StudioCanal ,"Tarek Boudali,Philippe Lacheau,Julien Arruti",,,Français,Long-métrage,2023,-,,,,,,
The House,,,99,Kyle Edward Ball, ESC Films ,"Lucas Paul,Dali Rose Tetreault,Ross Paul",Skinamarink,,Anglais,Long-métrage,2022,-,,,,,,Deux enfants se réveillent au milieu de la nuit pour découvrir que leur père a disparu et que toutes les fenêtres et les portes de leur maison ont disparu.
Second tour,25/10/2023,"Drame,Comédie",95,Albert Dupontel, Pathé ,"Cécile de France,Albert Dupontel,Nicolas Marié",,,Français,Long-métrage,2023,-,,,,,,"Journaliste politique en disgrâce placée à la rubrique football, Mlle Pove est sollicitée pour suivre l’entre-deux tours de la campagne présidentielle. Le favori est Pierre-Henry Mercier, héritier d'une puissante famille française et novice en politique. Troublée par ce candidat qu'elle a connu moins lisse, Mlle Pove se lance dans une enquête aussi étonnante que jubilatoire."
Seconde jeunesse,16/08/2023,Romance,97,Gianni Di Gregorio, Le Pacte ,"Gianni Di Gregorio,Stefania Sandrelli,Alfonso Santagata",Astolfo,"Italie,France",Italien,Long-métrage,2022,-,,,,10 Photos,,"Astolfo, professeur à la retraite, doit quitter son appartement Romain, expulsé par la propriétaire. Désargenté, il décide de retourner au village de ses ancêtres, pour habiter le palais familial en ruine, vestige d'un patrimoine que chacun tente d'accaparer. Il se lie d’amitié avec le marginal qui squatte depuis des années la demeure, mais aussi avec un cuisinier retraité et un jeune sans emploi. Mais surtout, il rencontre Stefania, une femme de son âge, timide, douce et généreuse. Encouragé par ses amis, Astolfo fait un pas courageux et apprend avec joie qu’il n’est jamais trop tard pour tomber amoureux."
Blue Beetle,16/08/2023,"Fantastique,Aventure",127,Angel Manuel Soto, Warner Bros. France ,"Xolo Maridueña,Bruna Marquezine,Susan Sarandon",,,"Anglais, Espagnol",Long-métrage,2023,-,,,,10 Photos,,"Jaime Reyes est un jeune plein d’ambition. Alors qu’il rentre de l’université, le Scarabée, une ancienne relique d’une biotechnologie extraterrestre choisit de faire de lui son hôte. Ce dernier se voit alors revêtu d’une armure hors du commun qui lui octroie des pouvoirs extraordinaires – et imprévisibles. Tout bascule alors pour Jaime qui devient le super-héros Blue Beetle…"
La Bête Dans La Jungle,16/08/2023,,103,Patric Chiha, Les Films du Losange ,"Anaïs Demoustier,Tom Mercier,Béatrice Dalle",,"France,Belgique,Autriche",Français,Long-métrage,2023,-,,,,,,"Pendant 25 ans, dans une immense boîte de nuit, un homme et une femme guettent ensemble un événement mystérieux. De 1979 à 2004, l’histoire du disco à la techno, l’histoire d’un amour, l’histoire d’une obsession. La "" chose "" finalement se manifestera, mais sous une forme autrement plus tragique que prévu."
Wonka,13/12/2023,"Comédie musicale,Famille",,Paul King, Warner Bros. France ,"Timothée Chalamet,Keegan-Michael Key,Sally Hawkins",,,Anglais,Long-métrage,2023,-,,,,,,"Découvrez la jeunesse de Willy Wonka, l’extraordinaire inventeur, magicien et chocolatier de l’univers féérique de Charlie et la chocolaterie de Roald Dahl, dans le film WONKA. Timothée Chalamet incarne ce jeune homme débordant d’idées et déterminé à changer le monde… avec gourmandise ! Cette œuvre haute en couleur, mêlant émotion et humour, prouve que, dans la vie, les rêves peuvent devenir réalité – surtout si on a la chance de rencontrer Willy Wonka."
Fermer les yeux,16/08/2023,,169,Victor Erice, Haut et Court ,"Manolo Solo,José Coronado,Ana Torrent",Cerrar los ojos,"Espagne,Argentine",Espagnol,Long-métrage,2023,-,,,,,,
Equalizer 3,30/08/2023,,,Antoine Fuqua, Sony Pictures Releasing France ,"Denzel Washington,Dakota Fanning,David Denman",The Equalizer 3,,Anglais,Long-métrage,2023,-,,,,,,"Depuis qu'il a renoncé à sa vie d'assassin au service du gouvernement, Robert McCall peine à faire la paix avec ses démons du passé et trouve un étrange réconfort en défendant les opprimés. Alors qu'il a trouvé son havre de paix dans le sud de l'Italie, il découvre que ses amis sont sous le contrôle de la mafia locale. Quand les événements prennent une tournure mortelle, McCall sait ce qu'il doit faire : protéger ses amis en s'attaquant à la mafia."
Détective Conan: le sous-marin noir,02/08/2023,"Action,Aventure",109,Yuzuru Tachikawa, Eurozoom ,"Minami Takayama,Megumi Hayashibara,Rikiya Koyama",Meitantei Conan: Kurogane no Submarine,,Japonais,Long-métrage,2023,-,,,,,,"Sur l'île de Hachijojima, Tokyo, une équipe internationale d’ingénieurs est réunie pour une opération à grande échelle au sein de ""La bouée du Pacifique"", une installation en mer permettant de relier entre elles les caméras de sécurité des polices du monde entier. Pendant ce temps, Conan qui visite l’île avec les Détectives Juniors apprend qu’une employée d’Europol a été assassinée en Allemagne l’Organisation des Hommes en Noir. Inquiet, Conan se faufile dans la bouée du Pacifique et découvre qu'une femme ingénieur a été kidnappée par l'Organisation. Un grincement lugubre résonne à travers les fonds marins tandis qu’une ombre noire plane sur Ai Haibara…"
Yamabuki,02/08/2023,,97,Yamasaki Juichiro, Survivance ,"Kilala Inori,Yohta Kawase,Misa Wada",,"Japon,France",Japonais,Long-métrage,2022,-,,,,17 Photos,,"Maniwa, petite ville minière de l'ouest du Japon. Chang-su, ancien cavalier de l'équipe de Corée du Sud, criblé de dettes, travaille dans une carrière. Il vit avec Minami qui a fui son mari. Yamabuki, lycéenne, se met elle à manifester de manière silencieuse à un carrefour. A leur insu, les vies des habitants de Maniwa commencent à s'entrecroiser."
Mystère à Venise,13/09/2023,,,Kenneth Branagh, The Walt Disney Company France ,"Kenneth Branagh,Kyle Allen,Camille Cottin",A Haunting in Venice,,Anglais,Long-métrage,2023,-,,,,,,"Dans la Venise sinistrée de l'après-guerre, la veille de la Toussaint, un terrifiant mystère va marquer le retour d’Hercule Poirot sur le devant de la scène. En exil volontaire dans la Sérénissime, Poirot, désormais à la retraite, assiste à contrecœur à une séance de spiritisme dans un palazzo désaffecté et soi-disant hanté. Lorsqu’un des invités est assassiné, le célèbre détective se retrouve propulsé dans un sinistre monde empli d'ombres et de secrets..."
Joker: Folie à Deux,02/10/2024,,,Todd Phillips, Warner Bros. France ,"Joaquin Phoenix,Lady Gaga,Zazie Beetz",,,Anglais,Long-métrage,2024,-,,,,,,La suite du film Joker.
Visions,06/09/2023,,,Yann Gozlan, SND ,"Diane Kruger,Mathieu Kassovitz,Marta Nieto",,,Français,Long-métrage,2023,-,,,,,,"Pilote de ligne confirmée, Estelle mène, entre deux vols long-courriers, une vie parfaite avec Guillaume, son mari aimant et protecteur. Un jour, par hasard, dans un couloir d’aéroport, elle recroise la route d’Ana, photographe avec qui elle a eu une aventure passionnée vingt ans plus tôt. Estelle est alors loin d’imaginer que ces retrouvailles vont l’entraîner dans une spirale cauchemardesque et faire basculer sa vie dans l’irrationnel…"
Superman: Legacy,09/07/2025,,,James Gunn, Warner Bros. France ,"David Corenswet,Rachel Brosnahan,Nathan Fillion",,,Anglais,Long-métrage,2025,-,,,,,,"L'équilibre fragile que doit trouver Clark Kent, alias Superman, entre son origine Kryptonienne et sa vie d'humain."
Je vous salue salope : La misogynie au temps du numérique,04/10/2023,,80,Lea Clermont-Dion, La Ruelle Films ,Marion Seclin,,,"Français, Anglais",Long-métrage,2022,-,,,,,,"Sur deux continents, quatre femmes sont victimes de cyberviolences extrêmes : Marion Séclin, comédienne et youtubeuse française, Laura Boldrini, présidente du parlement italien, Kiah Morris, représentante démocrate américaine, ainsi que Laurence Gratton, jeune enseignante québécoise. Abandonnées par les forces de l’ordre, la classe politique et les géants du web qui engrangent des milliards avec la haine, elles décident de se battre et de ne plus se taire."
Hunger Games: la Ballade du serpent et de l'oiseau chanteur,15/11/2023,Aventure,,Francis Lawrence, Metropolitan FilmExport ,"Tom Blyth,Rachel Zegler,Viola Davis",Hunger Games: The Ballad of Songbirds and Snakes,,Anglais,Long-métrage,2023,-,,,,,,"Prequel de Hunger Games se déroulant 64 ans plus tôt, dans les années qui ont suivi la période des ""Jours sombres"", la première rébellion ratée à Panem..."
Anti-Squat,06/09/2023,,,Nicolas Silhol, Diaphana Distribution ,"Louise Bourgoin,Samy Belkessa",,,Français,Long-métrage,2023,-,,,,,,"Inès est menacée de se faire expulser de chez elle avec Adam, son fils de 14 ans. A la recherche d’un emploi, elle est prise à l’essai chez Anti-Squat, une société qui loge des personnes dans des bureaux inoccupés pour les protéger contre les squatteurs. Son rôle : recruter les résidents et faire respecter un règlement très strict. Inès est prête à tout pour se faire embaucher et s’en sortir avec Adam. Mais jusqu’où ira-t-elle ?"
Expend4bles,11/10/2023,,,Scott Waugh, Metropolitan FilmExport ,"Sylvester Stallone,Jason Statham,Dolph Lundgren",,,Anglais,Long-métrage,2023,-,,,,,,"Nouveaux membres, nouveaux styles, nouvelles tactiques pour ce nouvel opus explosif !"
La Pat' Patrouille : La Super Patrouille Le Film,11/10/2023,Aventure,,Cal Brunker, Paramount Pictures France ,"Taraji P. Henson,Kristen Bell,Christian Convery",Paw Patrol: The Mighty Movie,,Anglais,Long-métrage,2023,-,,,,,,"Lorsqu'une météorite magique s'écrase sur Aventureville, elle donne à la Pat' Patrouille des pouvoirs, les transformant en Super Patrouille ! Pour Stella, la plus petite membre de l'équipe, avoir des pouvoirs est un rêve qui devient réalité. Mais les choses dégénèrent lorsque Monsieur Hellinger, l'ennemi juré de nos amis, s'évade de prison et s'associe à un savant fou afin de voler et de s’accaparer ces nouveaux pouvoirs. Le destin d'Aventureville est désormais en jeu, la Super Patrouille doit arrêter les super-vilains avant qu'il ne soit trop tard. Stella va découvrir que même le plus petit des chiens peut faire la plus grande des différences"
Le Temps D’Aimer,29/11/2023,Romance,125,Katell Quillévéré, Gaumont Distribution ,"Anaïs Demoustier,Vincent Lacoste,Paul Beaurepaire",,"France,Belgique",Français,Long-métrage,2023,"9,2 M€",,,,,2 nominations,
Club Zero,27/09/2023,Thriller,110,Jessica Hausner, Bac Films ,"Mia Wasikowska,Sidse Babett Knudsen,Elsa Zylberstein",,"Autriche,Allemagne,France,Grande-Bretagne,Danemark",Anglais,Long-métrage,2023,-,,,,,6 nominations,
La Vénus d'argent,06/12/2023,,95,Helena Klotz, Pyramide Distribution ,"Claire Pommet,Niels Schneider,Sofiane Zermani",,,Français,Long-métrage,2023,"3,2 M€",,,,,,"Jeanne a 24 ans. Elle vit dans une caserne en banlieue avec son père gendarme, son petit frère et sa petite sœur. Elle a fait le pari de réussir sa vie dans le monde de la finance. Pas pour la gloire ou le luxe, mais parce que c’est le moyen qu’elle a trouvé pour gagner sa liberté."
Making Of,10/01/2024,,,Cédric Kahn, Ad Vitam ,"Denis Podalydès,Jonathan Cohen,Stefan Crepon",,,Français,Long-métrage,2023,-,,,,,,"Simon, réalisateur aguerri, débute le tournage d’un film racontant le combat d’ouvriers pour sauver leur usine. Mais entre les magouilles de son producteur, des acteurs incontrôlables et des techniciens à cran, il est vite dépassé par les événements. Abandonné par ses financiers, Simon doit affronter un conflit social avec sa propre équipe. Dans ce tournage infernal, son seul allié est le jeune figurant à qui il a confié la réalisation du making of."
Coup de chance,27/09/2023,"Romance,Drame,Comédie",93,Woody Allen, Metropolitan FilmExport ,"Lou de Laâge,Melvil Poupaud,Niels Schneider",,"Grande-Bretagne,France",Français,Long-métrage,2023,-,,,,,,"Fanny et Jean ont tout du couple idéal : épanouis dans leur vie professionnelle, ils habitent un magnifique appartement dans les beaux quartiers de Paris et semblent amoureux comme au premier jour. Mais lorsque Fanny croise, par hasard, Alain, ancien camarade de lycée, elle est aussitôt chavirée. Ils se revoient très vite et se rapprochent de plus en plus…"
L'Amour ouf,16/10/2024,"Musical,Thriller",,Gilles Lellouche, StudioCanal ,"François Civil,Adèle Exarchopoulos,Mallory Wanecque",,"France,Belgique",Français,Long-métrage,2024,-,,,,,,"Un garçon, Clotaire, aime une fille, Jackie, et d’une fille qui aime un garçon depuis l’adolescence. Une histoire d’amour contrariée par les aléas de la vie, mais habitée par un amour si fort qu’il en est indestructible…"
Toni en famille,06/09/2023,,,Nathan Ambrosioni, StudioCanal ,"Camille Cottin,Léa Lopez,Thomas Gioria",,,Français,Long-métrage,2023,-,,,,,,"Antonia, dite Toni, élève seule ses cinq enfants. Un job à plein temps. Elle chante aussi le soir, dans des bars, car il faut bien nourrir sa famille. Toni a du talent. Elle a enregistré un single qui a cartonné. Mais ça, c’était il y a 20 ans. Aujourd’hui ses deux aînés s’apprêtent à rejoindre l’université. Alors Toni s’interroge : que fera-t-elle quand toute sa progéniture aura quitté le foyer ? A 43 ans, est-il encore temps de reprendre sa vie en main ?"
Le Grand chariot,13/09/2023,,95,Philippe Garrel, Ad Vitam ,"Louis Garrel,Damien Mongin,Esther Garrel",,"France,Suisse",Français,Long-métrage,2023,-,,,,,1 prix et 7 nominations,"Le Grand Chariot est une constellation d’étoiles. C’est aussi un théâtre de marionnettes. C’est l’histoire d’une famille de marionnettistes, une fratrie, Louis et ses deux soeurs, Martha et Lena, leur père qui dirige la troupe et la grand-mère qui a fabriqué les poupées. Ensemble, ils forment une compagnie et donnent des spectacles de marionnettes. Un jour, lors d’une représentation, le père meurt d’une attaque, laissant ses enfants seuls."
Pauvres créatures,11/10/2023,"Science fiction,Romance",,Yórgos Lánthimos, The Walt Disney Company France ,"Emma Stone,Mark Ruffalo,Willem Dafoe",Poor Things,"Irlande,Grande-Bretagne,U.S.A.",Anglais,Long-métrage,2023,-,,,,11 Photos,,"Bella est une jeune femme ramenée à la vie par le brillant et peu orthodoxe Dr Godwin Baxter. Sous sa protection, elle a soif d’apprendre. Avide de découvrir le monde dont elle ignore tout, elle s'enfuit avec Duncan Wedderburn, un avocat habile et débauché, et embarque pour une odyssée étourdissante à travers les continents. Imperméable aux préjugés de son époque, Bella est résolue à ne rien céder sur les principes d’égalité et de libération."
Les Feuilles mortes,20/09/2023,"Comédie,Romance",81,Aki Kaurismäki, Diaphana Distribution ,"Alma Pöysti,Jussi Vatanen,Janne Hyytiäinen",Kuolleet lehdet,,Finnois,Long-métrage,2023,-,,,,11 Photos,1 prix et 4 nominations,
Acide,20/09/2023,Drame,90,Just Philippot, Pathé ,"Guillaume Canet,Laetitia Dosch,Patience Munchenbach",,,Français,Long-métrage,2023,-,,,,13 Photos,,
Pearl,,,103,Ti West,"
1 nomination
","Mia Goth,David Corenswet,Tandi Wright",,"Canada,U.S.A.","Anglais, Japonais, Espagnol",Long-métrage,2022,-,,,,,,"Piégée dans la ferme isolée de sa famille, Pearl doit s'occuper de son père malade sous le regard autoritaire de sa mère dévote. Désireuse de mener une vie glamour comme elle l'a vu dans les films, Pearl voit ses ambitions limitées... ce qu'elle n'apprécie pas du tout !"
The Wastetown,02/08/2023,,98,Ahmad Bahrami, Bodega Films ,"Baran Kosari,Ali Bagheri",Shahre Khamoush,,Farsi,Long-métrage,2022,-,,,,,,"Coupable du meurtre de son mari, Bermani est emprisonnée pendant 10 ans. Libérée, elle part à la recherche de son jeune fils et se rend à la casse automobile où travaille son beau-frère..."
Ducobu passe au vert,03/04/2024,,,Elie Semoun, UGC Distribution ,"Elie Semoun,Émilie Caen,Gérard Jugnot",,,Français,Long-métrage,2024,-,,,,,,Le roi de la triche revient dans de nouvelles aventures !
Monsieur Aznavour,23/10/2024,,,Mehdi Idir, Pathé ,"Tahar Rahim,Lionel Cecilio,Tigran Mekhitarian",,,Français,Long-métrage,2024,-,,,,,,Le film retracera l'ascension du chanteur de La Bohème à partir des années 1950.
Maison de retraite 2,14/02/2024,,,Claude Zidi Jr., Apollo Films ,"Kev Adams,Jean Reno,Daniel Prévost",,,Français,Long-métrage,2024,-,,,,,,"Suite des aventures de Milann et des pensionnaires de la maison de retraite : Fleurette, Sylvette, Alfred, Edmond… qui côtoient désormais les enfants d’un orphelinat. Où il serait question de manigances autour d’une sombre affaire d’expulsion."
La Tresse,29/11/2023,Comédie,,Laetitia Colombani, SND ,"Kim Raver,Fotinì Peluso,Mia Maelzer",,"France,Italie,Canada,Belgique","Hindi, Italien, Anglais",Long-métrage,2023,-,,,,,,"Inde. Smita est une Intouchable. Elle rêve de voir sa fille échapper à sa condition misérable et entrer à l'école. Italie. Giulia travaille dans l'atelier de son père. Lorsqu'il est victime d'un accident, elle découvre que l'entreprise familiale est ruinée. Canada. Sarah, avocate réputée, va être promue à la tête de son cabinet quand elle apprend qu'elle est malade. Trois vies, trois femmes, trois continents. Trois combats à mener. Si elles ne se connaissent pas, Smita, Giulia et Sarah sont liées sans le savoir par ce qu'elles ont de plus intime et de plus singulier."
Fast & Furious 11,,,,Louis Leterrier, Universal Pictures International France ,"Vin Diesel,Michelle Rodriguez,Tyrese Gibson",,,Anglais,Long-métrage,2025,-,,,,,,Onzième et dernier volet de la saga Fast & Furious.
La Zone d'intérêt,31/01/2024,"Drame,Historique",106,Jonathan Glazer, Bac Films ,"Sandra Hüller,Christian Friedel,Ralph Herforth",The Zone Of Interest,"U.S.A.,Grande-Bretagne,Pologne","Anglais, Polonais, Allemand",Long-métrage,2023,-,,,,,2 prix et 4 nominations,
Infiltrée,23/08/2023,Thriller,125,Justin Lerner, L'Atelier Distribution ,"Karen Martínez,Rudy Rodríguez,Pamela Martínez (II)",Cadejo blanco,"Guatemala,U.S.A.,Mexique",Espagnol,Long-métrage,2022,-,,,,,,"Sarita apprend que le nouveau petit ami de sa sœur fait partie d'un dangereux gang. Quand elle disparait après une soirée, elle le suspecte immédiatement et va trouver un moyen d'infiltrer son gang. Prête à tout pour découvrir la vérité, elle se retrouve impliquée dans leurs crimes."
Avengers: The Kang Dynasty,29/04/2026,,,Destin Daniel Cretton, The Walt Disney Company France ,Jonathan Majors,,,Anglais,Long-métrage,2026,-,,,,,,
Les Trolls 3,18/10/2023,"Comédie,Famille,Action",,Tim Heitz, Universal Pictures International France ,"Matt Pokora,Justin Timberlake, Vitaa",Trolls Band Together,,Anglais,Long-métrage,2023,-,,,,,,"Après deux films à se tourner autour pour finalement tomber dans les bras l’un de l’autre, Poppy et Branch sont officiellement en couple (#broppy)! Alors qu’ils n’ont plus de secrets l’un pour l’autre, Poppy fait une découverte incroyable relative au passé de Branch. À l’époque, avec ses quatre frères, Floyd, John Dory, Spruce et Clay, ils formaient le Boys Band le plus en vogue du moment, les BroZone. Alors qu’il n’était qu’un enfant, le groupe s’est séparé, tout comme la famille et depuis Branch n’a jamais revu ses frères."
Captain America: Brave New World,24/07/2024,Fantastique,,Julius Onah, The Walt Disney Company France ,"Anthony Mackie,Tim Blake Nelson,Shira Haas",,,Anglais,Long-métrage,2024,-,,,,,,"Qui reprendra le costume et le célèbre bouclier ? Ce nouvel opus, situé après les événements de la série Falcon & The Winter Soldier, poursuit la passation symbolique du titre de Captain America."
La Planète des singes,22/05/2024,Aventure,,Wes Ball, The Walt Disney Company France ,"Owen Teague,Freya Allan,Peter Macon",Kingdom of the Planet of the Apes,,Anglais,Long-métrage,2024,-,,,,,,Une nouvelle version de la saga La Planète des singes...
